num,gene_id,cg_id,symbol,group
1,FBgn0263198,CG10473,Acn,ben_74
2,FBgn0086251,CG9252,del,ben_74
3,FBgn0267347,CG4711,squ,ben_74
4,FBgn0016034,CG11254,mael,ben_74
5,FBgn0260932,CG13190,cuff,ben_74
6,FBgn0033374,CG13741,Boot,ben_74
7,FBgn0261266,CG12314,zuc,ben_74
8,FBgn0030373,CG12721,moon,ben_74
9,FBgn0033273,CG2183,Gasz,ben_74
10,FBgn0034617,CG9754,Panx,ben_74
11,FBgn0033921,CG8589,tej,ben_74
12,FBgn0036640,CG4118,nxf2,ben_74
13,FBgn0004872,CG6122,piwi,ben_74
14,FBgn0002021,CG10655,l(2)37Bb,ben_74
15,FBgn0031398,CG10880,daed,ben_74
16,FBgn0000451,CG6611,ect,ben_74
17,FBgn0030293,CG1737,CG1737,ben_74
18,FBgn0003483,CG3158,spn-E,ben_74
19,FBgn0287725,CG14438,sov,ben_74
20,FBgn0004400,CG10683,rhi,ben_74
21,FBgn0003401,CG4735,shu,ben_74
22,FBgn0041164,CG11513,armi,ben_74
23,FBgn0283442,CG46283,vas,ben_74
24,FBgn0035842,CG7504,Setx,ben_74
25,FBgn0263143,CG4771,vret,ben_74
26,FBgn0034988,CG3362,cN-IIIB,ben_74
27,FBgn0001197,CG5499,His2Av,ben_74
28,FBgn0000146,CG6137,aub,ben_74
29,FBgn0016687,CG4634,Nurf-38,ben_74
30,FBgn0037446,CG10267,Zif,ben_74
31,FBgn0031979,CG7429,CCDC53,ben_74
32,FBgn0010774,CG1101,Ref1,ben_74
33,FBgn0030451,CG15717,CG15717,ben_74
34,FBgn0031296,CG4415,gNacalpha,ben_74
35,FBgn0037205,CG11133,BoYb,ben_74
36,FBgn0036826,CG3893,arx,ben_74
37,FBgn0263232,CG32135,Nxf3,ben_74
38,FBgn0027579,CG5508,mino,ben_74
39,FBgn0033526,CG12892,Caf1-105,ben_74
40,FBgn0011592,CG8581,fra,ben_74
41,FBgn0027499,CG12340,wde,ben_74
42,FBgn0004644,CG4637,hh,ben_74
43,FBgn0013347,CG5163,TfIIA-S,ben_74
44,FBgn0014127,CG10726,barr,ben_74
45,FBgn0039691,CG1972,IntS11,ben_74
46,FBgn0029941,CG1677,CG1677,ben_74
47,FBgn0283469,CG6842,Vps4,ben_74
48,FBgn0036973,CG5585,Rbbp5,ben_74
49,FBgn0000541,CG32346,E(bx),ben_74
50,FBgn0036147,CG6199,Plod,ben_74
51,FBgn0263832,CG1135,Rcd5,ben_74
52,FBgn0021750,CG4938,SerRS-m,ben_74
53,FBgn0033062,CG7843,Ars2,ben_74
54,FBgn0010411,CG8900,RpS18,ben_74
55,FBgn0032197,CG5694,ova,ben_74
56,FBgn0010387,CG8627,Acbp2,ben_74
57,FBgn0029867,CG3847,CG3847,ben_74
58,FBgn0035286,CG13924,CG13924,ben_74
59,FBgn0035323,CG13807,CG13807,ben_74
60,FBgn0033897,CG8233,Rcd1,ben_74
61,FBgn0004687,CG3201,Mlc-c,ben_74
62,FBgn0036373,CG10741,Tgi,ben_74
63,FBgn0264962,CG10228,Pcf11,ben_74
64,FBgn0023177,CG32505,Pp4-19C,ben_74
65,FBgn0016041,CG12157,Tom40,ben_74
66,FBgn0039254,CG13645,Nmnat,ben_74
67,FBgn0001994,CG7664,crp,ben_74
68,FBgn0026575,CG32575,hang,ben_74
69,FBgn0032030,CG17293,Wdr82,ben_74
70,FBgn0024996,CG2677,eIF2Bbeta,ben_74
71,FBgn0037707,CG16788,RnpS1,ben_74
72,FBgn0035357,CG1244,MEP-1,ben_74
73,FBgn0033806,CG4616,FLASH,ben_74
74,FBgn0023095,CG11282,caps,ben_74
1,FBgn0263198,CG10473,Acn,ben_216
2,FBgn0086251,CG9252,del,ben_216
3,FBgn0267347,CG4711,squ,ben_216
4,FBgn0016034,CG11254,mael,ben_216
5,FBgn0260932,CG13190,cuff,ben_216
6,FBgn0033374,CG13741,Boot,ben_216
7,FBgn0261266,CG12314,zuc,ben_216
8,FBgn0030373,CG12721,moon,ben_216
9,FBgn0033273,CG2183,Gasz,ben_216
10,FBgn0034617,CG9754,Panx,ben_216
11,FBgn0033921,CG8589,tej,ben_216
12,FBgn0036640,CG4118,nxf2,ben_216
13,FBgn0004872,CG6122,piwi,ben_216
14,FBgn0002021,CG10655,l(2)37Bb,ben_216
15,FBgn0031398,CG10880,daed,ben_216
16,FBgn0000451,CG6611,ect,ben_216
17,FBgn0030293,CG1737,CG1737,ben_216
18,FBgn0003483,CG3158,spn-E,ben_216
19,FBgn0287725,CG14438,sov,ben_216
20,FBgn0004400,CG10683,rhi,ben_216
21,FBgn0003401,CG4735,shu,ben_216
22,FBgn0041164,CG11513,armi,ben_216
23,FBgn0283442,CG46283,vas,ben_216
24,FBgn0035842,CG7504,Setx,ben_216
25,FBgn0263143,CG4771,vret,ben_216
26,FBgn0034988,CG3362,cN-IIIB,ben_216
27,FBgn0001197,CG5499,His2Av,ben_216
28,FBgn0000146,CG6137,aub,ben_216
29,FBgn0016687,CG4634,Nurf-38,ben_216
30,FBgn0037446,CG10267,Zif,ben_216
31,FBgn0031979,CG7429,CCDC53,ben_216
32,FBgn0010774,CG1101,Ref1,ben_216
33,FBgn0030451,CG15717,CG15717,ben_216
34,FBgn0031296,CG4415,gNacalpha,ben_216
35,FBgn0037205,CG11133,BoYb,ben_216
36,FBgn0036826,CG3893,arx,ben_216
37,FBgn0263232,CG32135,Nxf3,ben_216
38,FBgn0027579,CG5508,mino,ben_216
39,FBgn0033526,CG12892,Caf1-105,ben_216
40,FBgn0011592,CG8581,fra,ben_216
41,FBgn0027499,CG12340,wde,ben_216
42,FBgn0004644,CG4637,hh,ben_216
43,FBgn0013347,CG5163,TfIIA-S,ben_216
44,FBgn0014127,CG10726,barr,ben_216
45,FBgn0039691,CG1972,IntS11,ben_216
46,FBgn0029941,CG1677,CG1677,ben_216
47,FBgn0283469,CG6842,Vps4,ben_216
48,FBgn0036973,CG5585,Rbbp5,ben_216
49,FBgn0000541,CG32346,E(bx),ben_216
50,FBgn0036147,CG6199,Plod,ben_216
51,FBgn0263832,CG1135,Rcd5,ben_216
52,FBgn0021750,CG4938,SerRS-m,ben_216
53,FBgn0033062,CG7843,Ars2,ben_216
54,FBgn0010411,CG8900,RpS18,ben_216
55,FBgn0032197,CG5694,ova,ben_216
56,FBgn0010387,CG8627,Acbp2,ben_216
57,FBgn0029867,CG3847,CG3847,ben_216
58,FBgn0035286,CG13924,CG13924,ben_216
59,FBgn0035323,CG13807,CG13807,ben_216
60,FBgn0033897,CG8233,Rcd1,ben_216
61,FBgn0004687,CG3201,Mlc-c,ben_216
62,FBgn0036373,CG10741,Tgi,ben_216
63,FBgn0264962,CG10228,Pcf11,ben_216
64,FBgn0023177,CG32505,Pp4-19C,ben_216
65,FBgn0016041,CG12157,Tom40,ben_216
66,FBgn0039254,CG13645,Nmnat,ben_216
67,FBgn0001994,CG7664,crp,ben_216
68,FBgn0026575,CG32575,hang,ben_216
69,FBgn0032030,CG17293,Wdr82,ben_216
70,FBgn0024996,CG2677,eIF2Bbeta,ben_216
71,FBgn0037707,CG16788,RnpS1,ben_216
72,FBgn0035357,CG1244,MEP-1,ben_216
73,FBgn0033806,CG4616,FLASH,ben_216
74,FBgn0023095,CG11282,caps,ben_216
75,FBgn0263740,CG43665,eIF2gamma,ben_216
76,FBgn0263974,CG43726,qin,ben_216
77,FBgn0028683,CG12372,spt4,ben_216
78,FBgn0020496,CG7583,CtBP,ben_216
79,FBgn0001220,CG8542,Hsc70-5,ben_216
80,FBgn0028422,CG18039,GluRIID,ben_216
81,FBgn0002736,CG9401,mago,ben_216
82,FBgn0003886,CG9476,alphaTub85E,ben_216
83,FBgn0010328,CG5965,woc,ben_216
84,FBgn0029820,CG16721,CG16721,ben_216
85,FBgn0025716,CG6546,Bap55,ben_216
86,FBgn0036117,CG6321,CG6321,ben_216
87,FBgn0031818,CG9536,CG9536,ben_216
88,FBgn0289122,CG31212,Ino80,ben_216
89,FBgn0029113,CG7528,Uba2,ben_216
90,FBgn0026263,CG7574,bip1,ben_216
91,FBgn0011217,CG7425,eff,ben_216
92,FBgn0034138,CG8332,RpS15,ben_216
93,FBgn0035407,CG14962,Asciz,ben_216
94,FBgn0039310,CG11878,CG11878,ben_216
95,FBgn0284246,CG7845,l(2)k09848,ben_216
96,FBgn0036581,CG5057,MED10,ben_216
97,FBgn0262801,CG2358,twr,ben_216
98,FBgn0001341,CG6189,Mybbp1A,ben_216
99,FBgn0029512,CG12276,Aos1,ben_216
100,FBgn0262869,CG43224,Gfrl,ben_216
101,FBgn0005648,CG2163,Pabp2,ben_216
102,FBgn0032261,CG6094,CG6094,ben_216
103,FBgn0039626,CG1420,Slu7,ben_216
104,FBgn0035154,CG3344,hiro,ben_216
105,FBgn0015277,CG5373,Pi3K59F,ben_216
106,FBgn0259482,CG4946,Mob3,ben_216
107,FBgn0033929,CG8151,Tfb1,ben_216
108,FBgn0261597,CG10305,RpS26,ben_216
109,FBgn0026393,CG17853,Or43b,ben_216
110,FBgn0036239,CG5684,Pop2,ben_216
111,FBgn0038546,CG7379,CG7379,ben_216
112,FBgn0266916,CG31258,Cenp-C,ben_216
113,FBgn0030733,CG3560,UQCR-14,ben_216
114,FBgn0037466,CG1965,CG1965,ben_216
115,FBgn0046113,CG4226,GluRIIC,ben_216
116,FBgn0010520,CG4539,Bka,ben_216
117,FBgn0002579,CG7622,RpL36,ben_216
118,FBgn0036188,CG7339,Polr3H,ben_216
119,FBgn0260393,CG17147,CG17147,ben_216
120,FBgn0024698,CG10110,Cpsf160,ben_216
121,FBgn0260965,CG42588,CG42588,ben_216
122,FBgn0028982,CG12225,Spt6,ben_216
123,FBgn0038964,CG13849,Nop56,ben_216
124,FBgn0260634,CG10192,eIF4G2,ben_216
125,FBgn0039183,CG6413,Dis3,ben_216
126,FBgn0053554,CG33554,Nipped-A,ben_216
127,FBgn0015268,CG5330,Nap1,ben_216
128,FBgn0052039,CG32039,Svip,ben_216
129,FBgn0034029,CG8190,eIF2Bgamma,ben_216
130,FBgn0005683,CG5354,pie,ben_216
131,FBgn0042205,CG18764,CG18764,ben_216
132,FBgn0003607,CG8409,Su(var)205,ben_216
133,FBgn0022943,CG12357,Cbp20,ben_216
134,FBgn0032005,CG8282,Snx6,ben_216
135,FBgn0259937,CG3333,Nop60B,ben_216
136,FBgn0005655,CG9193,PCNA,ben_216
137,FBgn0027865,CG6120,Tsp96F,ben_216
138,FBgn0031822,CG9548,Phf5a,ben_216
139,FBgn0029958,CG12151,Pdp,ben_216
140,FBgn0036314,CG10754,Sf3a2,ben_216
141,FBgn0001222,CG5748,Hsf,ben_216
142,FBgn0086680,CG10037,vvl,ben_216
143,FBgn0260397,CG17149,Su(var)3-3,ben_216
144,FBgn0033737,CG8831,Nup54,ben_216
145,FBgn0033378,CG8781,tsu,ben_216
146,FBgn0023170,CG3997,RpL39,ben_216
147,FBgn0031390,CG31671,tho2,ben_216
148,FBgn0038016,CG10042,MBD-R2,ben_216
149,FBgn0034084,CG8435,CG8435,ben_216
150,FBgn0003884,CG1913,alphaTub84B,ben_216
151,FBgn0034722,CG10955,Rtf1,ben_216
152,FBgn0011762,CG7108,Prim1,ben_216
153,FBgn0038583,CG7183,CG7183,ben_216
154,FBgn0039710,CG18041,dgt1,ben_216
155,FBgn0003062,CG9888,Fib,ben_216
156,FBgn0036828,CG6841,Prp6,ben_216
157,FBgn0037138,CG7145,P5CDh1,ben_216
158,FBgn0044020,CG8998,Roc2,ben_216
159,FBgn0011361,CG9160,ND-ACP,ben_216
160,FBgn0261109,CG7764,mrn,ben_216
161,FBgn0033179,CG11139,p47,ben_216
162,FBgn0010750,CG2503,atms,ben_216
163,FBgn0004915,CG5193,TfIIB,ben_216
164,FBgn0026373,CG7885,Polr2C,ben_216
165,FBgn0036733,CG6322,U4-U6-60K,ben_216
166,FBgn0044324,CG10712,Chro,ben_216
167,FBgn0039129,CG5338,RpS19b,ben_216
168,FBgn0011573,CG12019,Cdc37,ben_216
169,FBgn0029525,CG18273,CG18273,ben_216
170,FBgn0038515,CG5823,CG5823,ben_216
171,FBgn0264291,CG12265,Det,ben_216
172,FBgn0028411,CG12752,Nxt1,ben_216
173,FBgn0037051,CG10565,CG10565,ben_216
174,FBgn0000996,CG8171,dup,ben_216
175,FBgn0283494,CG3140,Ak2,ben_216
176,FBgn0261592,CG10944,RpS6,ben_216
177,FBgn0030719,CG9177,eIF5,ben_216
178,FBgn0037550,CG9667,CG9667,ben_216
179,FBgn0261933,CG10753,SmD1,ben_216
180,FBgn0262647,CG4738,Nup160,ben_216
181,FBgn0032021,CG7781,CG7781,ben_216
182,FBgn0011741,CG11678,Arp6,ben_216
183,FBgn0025807,CG3945,Rad9,ben_216
184,FBgn0004106,CG5363,Cdk1,ben_216
185,FBgn0022942,CG7035,Cbp80,ben_216
186,FBgn0020621,CG2049,Pkn,ben_216
187,FBgn0034968,CG3195,RpL12,ben_216
188,FBgn0263603,CG5215,Zn72D,ben_216
189,FBgn0051510,CG31510,CG31510,ben_216
190,FBgn0039187,CG6454,CG6454,ben_216
191,FBgn0034744,CG4071,Vps20,ben_216
192,FBgn0033400,CG2063,CG2063,ben_216
193,FBgn0040234,CG12149,c12.2,ben_216
194,FBgn0032250,CG5198,holn1,ben_216
195,FBgn0035831,CG8038,Pop4,ben_216
196,FBgn0053217,CG33217,CG33217,ben_216
197,FBgn0261791,CG9742,SNRPG,ben_216
198,FBgn0259113,CG6349,PolA1,ben_216
199,FBgn0014340,CG3025,mof,ben_216
200,FBgn0001991,CG4894,Ca-alpha1D,ben_216
201,FBgn0039859,CG11539,Mnat9,ben_216
202,FBgn0036187,CG11660,RIOK1,ben_216
203,FBgn0259876,CG34438,Cap-G,ben_216
204,FBgn0000579,CG17654,Eno,ben_216
205,FBgn0030054,CG12109,Caf1-180,ben_216
206,FBgn0030973,CG7332,CG7332,ben_216
207,FBgn0031657,CG3756,Polr1C,ben_216
208,FBgn0038805,CG4217,TFAM,ben_216
209,FBgn0013305,CG3798,Nmda1,ben_216
210,FBgn0036589,CG13067,CG13067,ben_216
211,FBgn0263391,CG43443,hts,ben_216
212,FBgn0021874,CG2863,Nle,ben_216
213,FBgn0037232,CG9791,Suv3,ben_216
214,FBgn0039807,CG15546,CG15546,ben_216
215,FBgn0015391,CG11397,glu,ben_216
216,FBgn0010278,CG4817,Ssrp,ben_216
1,FBgn0263198,CG10473,Acn,ben_137
2,FBgn0086251,CG9252,del,ben_137
3,FBgn0267347,CG4711,squ,ben_137
4,FBgn0016034,CG11254,mael,ben_137
5,FBgn0260932,CG13190,cuff,ben_137
6,FBgn0033374,CG13741,Boot,ben_137
7,FBgn0261266,CG12314,zuc,ben_137
8,FBgn0030373,CG12721,moon,ben_137
9,FBgn0033273,CG2183,Gasz,ben_137
10,FBgn0034617,CG9754,Panx,ben_137
11,FBgn0033921,CG8589,tej,ben_137
12,FBgn0036640,CG4118,nxf2,ben_137
13,FBgn0004872,CG6122,piwi,ben_137
14,FBgn0002021,CG10655,l(2)37Bb,ben_137
15,FBgn0031398,CG10880,daed,ben_137
16,FBgn0000451,CG6611,ect,ben_137
17,FBgn0030293,CG1737,CG1737,ben_137
18,FBgn0003483,CG3158,spn-E,ben_137
19,FBgn0287725,CG14438,sov,ben_137
20,FBgn0004400,CG10683,rhi,ben_137
21,FBgn0003401,CG4735,shu,ben_137
22,FBgn0041164,CG11513,armi,ben_137
23,FBgn0283442,CG46283,vas,ben_137
24,FBgn0035842,CG7504,Setx,ben_137
25,FBgn0263143,CG4771,vret,ben_137
26,FBgn0034988,CG3362,cN-IIIB,ben_137
27,FBgn0001197,CG5499,His2Av,ben_137
28,FBgn0000146,CG6137,aub,ben_137
29,FBgn0016687,CG4634,Nurf-38,ben_137
30,FBgn0037446,CG10267,Zif,ben_137
31,FBgn0031979,CG7429,CCDC53,ben_137
32,FBgn0010774,CG1101,Ref1,ben_137
33,FBgn0030451,CG15717,CG15717,ben_137
34,FBgn0031296,CG4415,gNacalpha,ben_137
35,FBgn0037205,CG11133,BoYb,ben_137
36,FBgn0036826,CG3893,arx,ben_137
37,FBgn0263232,CG32135,Nxf3,ben_137
38,FBgn0027579,CG5508,mino,ben_137
39,FBgn0033526,CG12892,Caf1-105,ben_137
40,FBgn0011592,CG8581,fra,ben_137
41,FBgn0027499,CG12340,wde,ben_137
42,FBgn0004644,CG4637,hh,ben_137
43,FBgn0013347,CG5163,TfIIA-S,ben_137
44,FBgn0014127,CG10726,barr,ben_137
45,FBgn0039691,CG1972,IntS11,ben_137
46,FBgn0029941,CG1677,CG1677,ben_137
47,FBgn0283469,CG6842,Vps4,ben_137
48,FBgn0036973,CG5585,Rbbp5,ben_137
49,FBgn0000541,CG32346,E(bx),ben_137
50,FBgn0036147,CG6199,Plod,ben_137
51,FBgn0263832,CG1135,Rcd5,ben_137
52,FBgn0021750,CG4938,SerRS-m,ben_137
53,FBgn0033062,CG7843,Ars2,ben_137
54,FBgn0010411,CG8900,RpS18,ben_137
55,FBgn0032197,CG5694,ova,ben_137
56,FBgn0010387,CG8627,Acbp2,ben_137
57,FBgn0029867,CG3847,CG3847,ben_137
58,FBgn0035286,CG13924,CG13924,ben_137
59,FBgn0035323,CG13807,CG13807,ben_137
60,FBgn0033897,CG8233,Rcd1,ben_137
61,FBgn0004687,CG3201,Mlc-c,ben_137
62,FBgn0036373,CG10741,Tgi,ben_137
63,FBgn0264962,CG10228,Pcf11,ben_137
64,FBgn0023177,CG32505,Pp4-19C,ben_137
65,FBgn0016041,CG12157,Tom40,ben_137
66,FBgn0039254,CG13645,Nmnat,ben_137
67,FBgn0001994,CG7664,crp,ben_137
68,FBgn0026575,CG32575,hang,ben_137
69,FBgn0032030,CG17293,Wdr82,ben_137
70,FBgn0024996,CG2677,eIF2Bbeta,ben_137
71,FBgn0035357,CG1244,MEP-1,ben_137
72,FBgn0033806,CG4616,FLASH,ben_137
73,FBgn0263740,CG43665,eIF2gamma,ben_137
74,FBgn0263974,CG43726,qin,ben_137
75,FBgn0028683,CG12372,spt4,ben_137
76,FBgn0020496,CG7583,CtBP,ben_137
77,FBgn0001220,CG8542,Hsc70-5,ben_137
78,FBgn0010328,CG5965,woc,ben_137
79,FBgn0029820,CG16721,CG16721,ben_137
80,FBgn0025716,CG6546,Bap55,ben_137
81,FBgn0036117,CG6321,CG6321,ben_137
82,FBgn0031818,CG9536,CG9536,ben_137
83,FBgn0289122,CG31212,Ino80,ben_137
84,FBgn0029113,CG7528,Uba2,ben_137
85,FBgn0026263,CG7574,bip1,ben_137
86,FBgn0011217,CG7425,eff,ben_137
87,FBgn0035407,CG14962,Asciz,ben_137
88,FBgn0039310,CG11878,CG11878,ben_137
89,FBgn0284246,CG7845,l(2)k09848,ben_137
90,FBgn0036581,CG5057,MED10,ben_137
91,FBgn0001341,CG6189,Mybbp1A,ben_137
92,FBgn0029512,CG12276,Aos1,ben_137
93,FBgn0005648,CG2163,Pabp2,ben_137
94,FBgn0035154,CG3344,hiro,ben_137
95,FBgn0038546,CG7379,CG7379,ben_137
96,FBgn0010520,CG4539,Bka,ben_137
97,FBgn0036188,CG7339,Polr3H,ben_137
98,FBgn0260965,CG42588,CG42588,ben_137
99,FBgn0028982,CG12225,Spt6,ben_137
100,FBgn0038964,CG13849,Nop56,ben_137
101,FBgn0039183,CG6413,Dis3,ben_137
102,FBgn0005683,CG5354,pie,ben_137
103,FBgn0003607,CG8409,Su(var)205,ben_137
104,FBgn0022943,CG12357,Cbp20,ben_137
105,FBgn0029958,CG12151,Pdp,ben_137
106,FBgn0001222,CG5748,Hsf,ben_137
107,FBgn0260397,CG17149,Su(var)3-3,ben_137
108,FBgn0031390,CG31671,tho2,ben_137
109,FBgn0034722,CG10955,Rtf1,ben_137
110,FBgn0039129,CG5338,RpS19b,ben_137
111,FBgn0037051,CG10565,CG10565,ben_137
112,FBgn0283494,CG3140,Ak2,ben_137
113,FBgn0022942,CG7035,Cbp80,ben_137
114,FBgn0051510,CG31510,CG31510,ben_137
115,FBgn0038768,CG4936,idc,ben_137
116,FBgn0004838,CG10377,Hrb27C,ben_137
117,FBgn0001179,CG8019,hay,ben_137
118,FBgn0028684,CG10370,Rpt5,ben_137
119,FBgn0032321,CG4621,YL-1,ben_137
120,FBgn0288470,CG3689,Cpsf5,ben_137
121,FBgn0038923,CG13410,mRpL35,ben_137
122,FBgn0037686,CG9354,RpL34b,ben_137
123,FBgn0010497,CG5304,dmGlut,ben_137
124,FBgn0003023,CG12743,otu,ben_137
125,FBgn0261617,CG15319,nej,ben_137
126,FBgn0022213,CG13281,Cse1,ben_137
127,FBgn0030366,CG1490,Usp7,ben_137
128,FBgn0038746,CG4510,Surf6,ben_137
129,FBgn0027084,CG12141,LysRS,ben_137
130,FBgn0000139,CG6677,ash2,ben_137
131,FBgn0002962,CG5637,nanos,ben_137
132,FBgn0259150,CG42265,OtopLc,ben_137
133,FBgn0051852,CG31852,Tap42,ben_137
134,FBgn0031455,CG9958,Snapin,ben_137
135,FBgn0024921,CG7398,Tnpo,ben_137
136,FBgn0262734,CG4429,eIF4H1,ben_137
137,FBgn0004227,CG4211,nonA,ben_137
1,FBgn0263198,CG10473,Acn,ben_377
2,FBgn0086251,CG9252,del,ben_377
3,FBgn0267347,CG4711,squ,ben_377
4,FBgn0016034,CG11254,mael,ben_377
5,FBgn0260932,CG13190,cuff,ben_377
6,FBgn0033374,CG13741,Boot,ben_377
7,FBgn0261266,CG12314,zuc,ben_377
8,FBgn0030373,CG12721,moon,ben_377
9,FBgn0033273,CG2183,Gasz,ben_377
10,FBgn0034617,CG9754,Panx,ben_377
11,FBgn0033921,CG8589,tej,ben_377
12,FBgn0036640,CG4118,nxf2,ben_377
13,FBgn0004872,CG6122,piwi,ben_377
14,FBgn0002021,CG10655,l(2)37Bb,ben_377
15,FBgn0031398,CG10880,daed,ben_377
16,FBgn0000451,CG6611,ect,ben_377
17,FBgn0030293,CG1737,CG1737,ben_377
18,FBgn0003483,CG3158,spn-E,ben_377
19,FBgn0287725,CG14438,sov,ben_377
20,FBgn0004400,CG10683,rhi,ben_377
21,FBgn0003401,CG4735,shu,ben_377
22,FBgn0041164,CG11513,armi,ben_377
23,FBgn0283442,CG46283,vas,ben_377
24,FBgn0035842,CG7504,Setx,ben_377
25,FBgn0263143,CG4771,vret,ben_377
26,FBgn0034988,CG3362,cN-IIIB,ben_377
27,FBgn0001197,CG5499,His2Av,ben_377
28,FBgn0000146,CG6137,aub,ben_377
29,FBgn0016687,CG4634,Nurf-38,ben_377
30,FBgn0037446,CG10267,Zif,ben_377
31,FBgn0031979,CG7429,CCDC53,ben_377
32,FBgn0010774,CG1101,Ref1,ben_377
33,FBgn0030451,CG15717,CG15717,ben_377
34,FBgn0031296,CG4415,gNacalpha,ben_377
35,FBgn0037205,CG11133,BoYb,ben_377
36,FBgn0036826,CG3893,arx,ben_377
37,FBgn0263232,CG32135,Nxf3,ben_377
38,FBgn0027579,CG5508,mino,ben_377
39,FBgn0033526,CG12892,Caf1-105,ben_377
40,FBgn0011592,CG8581,fra,ben_377
41,FBgn0027499,CG12340,wde,ben_377
42,FBgn0004644,CG4637,hh,ben_377
43,FBgn0013347,CG5163,TfIIA-S,ben_377
44,FBgn0014127,CG10726,barr,ben_377
45,FBgn0039691,CG1972,IntS11,ben_377
46,FBgn0029941,CG1677,CG1677,ben_377
47,FBgn0283469,CG6842,Vps4,ben_377
48,FBgn0036973,CG5585,Rbbp5,ben_377
49,FBgn0000541,CG32346,E(bx),ben_377
50,FBgn0036147,CG6199,Plod,ben_377
51,FBgn0263832,CG1135,Rcd5,ben_377
52,FBgn0021750,CG4938,SerRS-m,ben_377
53,FBgn0033062,CG7843,Ars2,ben_377
54,FBgn0010411,CG8900,RpS18,ben_377
55,FBgn0032197,CG5694,ova,ben_377
56,FBgn0010387,CG8627,Acbp2,ben_377
57,FBgn0029867,CG3847,CG3847,ben_377
58,FBgn0035286,CG13924,CG13924,ben_377
59,FBgn0035323,CG13807,CG13807,ben_377
60,FBgn0033897,CG8233,Rcd1,ben_377
61,FBgn0004687,CG3201,Mlc-c,ben_377
62,FBgn0036373,CG10741,Tgi,ben_377
63,FBgn0264962,CG10228,Pcf11,ben_377
64,FBgn0023177,CG32505,Pp4-19C,ben_377
65,FBgn0016041,CG12157,Tom40,ben_377
66,FBgn0039254,CG13645,Nmnat,ben_377
67,FBgn0001994,CG7664,crp,ben_377
68,FBgn0026575,CG32575,hang,ben_377
69,FBgn0032030,CG17293,Wdr82,ben_377
70,FBgn0024996,CG2677,eIF2Bbeta,ben_377
71,FBgn0037707,CG16788,RnpS1,ben_377
72,FBgn0035357,CG1244,MEP-1,ben_377
73,FBgn0033806,CG4616,FLASH,ben_377
74,FBgn0023095,CG11282,caps,ben_377
75,FBgn0263740,CG43665,eIF2gamma,ben_377
76,FBgn0263974,CG43726,qin,ben_377
77,FBgn0028683,CG12372,spt4,ben_377
78,FBgn0020496,CG7583,CtBP,ben_377
79,FBgn0001220,CG8542,Hsc70-5,ben_377
80,FBgn0028422,CG18039,GluRIID,ben_377
81,FBgn0002736,CG9401,mago,ben_377
82,FBgn0003886,CG9476,alphaTub85E,ben_377
83,FBgn0010328,CG5965,woc,ben_377
84,FBgn0029820,CG16721,CG16721,ben_377
85,FBgn0025716,CG6546,Bap55,ben_377
86,FBgn0036117,CG6321,CG6321,ben_377
87,FBgn0031818,CG9536,CG9536,ben_377
88,FBgn0289122,CG31212,Ino80,ben_377
89,FBgn0029113,CG7528,Uba2,ben_377
90,FBgn0026263,CG7574,bip1,ben_377
91,FBgn0011217,CG7425,eff,ben_377
92,FBgn0035407,CG14962,Asciz,ben_377
93,FBgn0039310,CG11878,CG11878,ben_377
94,FBgn0284246,CG7845,l(2)k09848,ben_377
95,FBgn0036581,CG5057,MED10,ben_377
96,FBgn0262801,CG2358,twr,ben_377
97,FBgn0001341,CG6189,Mybbp1A,ben_377
98,FBgn0029512,CG12276,Aos1,ben_377
99,FBgn0262869,CG43224,Gfrl,ben_377
100,FBgn0005648,CG2163,Pabp2,ben_377
101,FBgn0032261,CG6094,CG6094,ben_377
102,FBgn0039626,CG1420,Slu7,ben_377
103,FBgn0035154,CG3344,hiro,ben_377
104,FBgn0015277,CG5373,Pi3K59F,ben_377
105,FBgn0259482,CG4946,Mob3,ben_377
106,FBgn0033929,CG8151,Tfb1,ben_377
107,FBgn0261597,CG10305,RpS26,ben_377
108,FBgn0026393,CG17853,Or43b,ben_377
109,FBgn0036239,CG5684,Pop2,ben_377
110,FBgn0038546,CG7379,CG7379,ben_377
111,FBgn0046113,CG4226,GluRIIC,ben_377
112,FBgn0010520,CG4539,Bka,ben_377
113,FBgn0002579,CG7622,RpL36,ben_377
114,FBgn0036188,CG7339,Polr3H,ben_377
115,FBgn0260393,CG17147,CG17147,ben_377
116,FBgn0260965,CG42588,CG42588,ben_377
117,FBgn0028982,CG12225,Spt6,ben_377
118,FBgn0038964,CG13849,Nop56,ben_377
119,FBgn0260634,CG10192,eIF4G2,ben_377
120,FBgn0039183,CG6413,Dis3,ben_377
121,FBgn0053554,CG33554,Nipped-A,ben_377
122,FBgn0015268,CG5330,Nap1,ben_377
123,FBgn0052039,CG32039,Svip,ben_377
124,FBgn0034029,CG8190,eIF2Bgamma,ben_377
125,FBgn0005683,CG5354,pie,ben_377
126,FBgn0042205,CG18764,CG18764,ben_377
127,FBgn0003607,CG8409,Su(var)205,ben_377
128,FBgn0022943,CG12357,Cbp20,ben_377
129,FBgn0032005,CG8282,Snx6,ben_377
130,FBgn0005655,CG9193,PCNA,ben_377
131,FBgn0027865,CG6120,Tsp96F,ben_377
132,FBgn0031822,CG9548,Phf5a,ben_377
133,FBgn0029958,CG12151,Pdp,ben_377
134,FBgn0036314,CG10754,Sf3a2,ben_377
135,FBgn0001222,CG5748,Hsf,ben_377
136,FBgn0086680,CG10037,vvl,ben_377
137,FBgn0260397,CG17149,Su(var)3-3,ben_377
138,FBgn0033737,CG8831,Nup54,ben_377
139,FBgn0033378,CG8781,tsu,ben_377
140,FBgn0023170,CG3997,RpL39,ben_377
141,FBgn0031390,CG31671,tho2,ben_377
142,FBgn0038016,CG10042,MBD-R2,ben_377
143,FBgn0034084,CG8435,CG8435,ben_377
144,FBgn0034722,CG10955,Rtf1,ben_377
145,FBgn0039710,CG18041,dgt1,ben_377
146,FBgn0003062,CG9888,Fib,ben_377
147,FBgn0036828,CG6841,Prp6,ben_377
148,FBgn0037138,CG7145,P5CDh1,ben_377
149,FBgn0011361,CG9160,ND-ACP,ben_377
150,FBgn0033179,CG11139,p47,ben_377
151,FBgn0004915,CG5193,TfIIB,ben_377
152,FBgn0036733,CG6322,U4-U6-60K,ben_377
153,FBgn0044324,CG10712,Chro,ben_377
154,FBgn0039129,CG5338,RpS19b,ben_377
155,FBgn0011573,CG12019,Cdc37,ben_377
156,FBgn0038515,CG5823,CG5823,ben_377
157,FBgn0028411,CG12752,Nxt1,ben_377
158,FBgn0037051,CG10565,CG10565,ben_377
159,FBgn0283494,CG3140,Ak2,ben_377
160,FBgn0261592,CG10944,RpS6,ben_377
161,FBgn0030719,CG9177,eIF5,ben_377
162,FBgn0261933,CG10753,SmD1,ben_377
163,FBgn0032021,CG7781,CG7781,ben_377
164,FBgn0011741,CG11678,Arp6,ben_377
165,FBgn0025807,CG3945,Rad9,ben_377
166,FBgn0004106,CG5363,Cdk1,ben_377
167,FBgn0022942,CG7035,Cbp80,ben_377
168,FBgn0034968,CG3195,RpL12,ben_377
169,FBgn0263603,CG5215,Zn72D,ben_377
170,FBgn0051510,CG31510,CG31510,ben_377
171,FBgn0039187,CG6454,CG6454,ben_377
172,FBgn0034744,CG4071,Vps20,ben_377
173,FBgn0040234,CG12149,c12.2,ben_377
174,FBgn0032250,CG5198,holn1,ben_377
175,FBgn0035831,CG8038,Pop4,ben_377
176,FBgn0053217,CG33217,CG33217,ben_377
177,FBgn0014340,CG3025,mof,ben_377
178,FBgn0259876,CG34438,Cap-G,ben_377
179,FBgn0013305,CG3798,Nmda1,ben_377
180,FBgn0263391,CG43443,hts,ben_377
181,FBgn0021874,CG2863,Nle,ben_377
182,FBgn0010278,CG4817,Ssrp,ben_377
183,FBgn0000376,CG2714,crm,ben_377
184,FBgn0038768,CG4936,idc,ben_377
185,FBgn0037106,CG11307,CG11307,ben_377
186,FBgn0038243,CG8066,CG8066,ben_377
187,FBgn0004838,CG10377,Hrb27C,ben_377
188,FBgn0015834,CG8882,eIF3i,ben_377
189,FBgn0001179,CG8019,hay,ben_377
190,FBgn0037899,CG6764,RpL24-like,ben_377
191,FBgn0028684,CG10370,Rpt5,ben_377
192,FBgn0027783,CG10212,SMC2,ben_377
193,FBgn0036336,CG11268,Icmt,ben_377
194,FBgn0032321,CG4621,YL-1,ben_377
195,FBgn0011836,CG6711,Taf2,ben_377
196,FBgn0286898,CG11098,Tango1,ben_377
197,FBgn0288470,CG3689,Cpsf5,ben_377
198,FBgn0002431,CG9484,hyd,ben_377
199,FBgn0039204,CG6607,CG6607,ben_377
200,FBgn0034939,CG2980,thoc5,ben_377
201,FBgn0041150,CG12787,hoe1,ben_377
202,FBgn0038923,CG13410,mRpL35,ben_377
203,FBgn0038473,CG3983,Ns1,ben_377
204,FBgn0030121,CG17446,Cfp1,ben_377
205,FBgn0028690,CG1100,Rpn5,ben_377
206,FBgn0037686,CG9354,RpL34b,ben_377
207,FBgn0002044,CG10084,swm,ben_377
208,FBgn0027079,CG4062,ValRS,ben_377
209,FBgn0031266,CG2807,Sf3b1,ben_377
210,FBgn0010497,CG5304,dmGlut,ben_377
211,FBgn0028577,CG12085,hfp,ben_377
212,FBgn0284245,CG8280,eEF1alpha1,ben_377
213,FBgn0040512,CG3948,zetaCOP,ben_377
214,FBgn0034282,CG5784,Mapmodulin,ben_377
215,FBgn0261396,CG42641,Rpn3,ben_377
216,FBgn0003261,CG10279,Rm62,ben_377
217,FBgn0024191,CG7238,sip1,ben_377
218,FBgn0021761,CG4579,Nup154,ben_377
219,FBgn0026380,CG11981,Prosbeta3,ben_377
220,FBgn0039886,CG2003,CG2003,ben_377
221,FBgn0023175,CG1519,Prosalpha7,ben_377
222,FBgn0027619,CG12131,eIF3j,ben_377
223,FBgn0025582,CG9677,eIF3e,ben_377
224,FBgn0013343,CG31136,Syx1A,ben_377
225,FBgn0038550,CG17801,CG17801,ben_377
226,FBgn0003023,CG12743,otu,ben_377
227,FBgn0010113,CG15532,heca,ben_377
228,FBgn0015949,CG9854,hrg,ben_377
229,FBgn0032720,CG10603,mRpL13,ben_377
230,FBgn0039175,CG5706,beta-PheRS,ben_377
231,FBgn0032512,CG9305,Bdp1,ben_377
232,FBgn0003997,CG5123,hid,ben_377
233,FBgn0023522,CG11596,CG11596,ben_377
234,FBgn0051522,CG31522,CG31522,ben_377
235,FBgn0261612,CG42701,CngA,ben_377
236,FBgn0039488,CG6066,CG6066,ben_377
237,FBgn0038578,CG7957,MED17,ben_377
238,FBgn0026713,CG32604,Prp16,ben_377
239,FBgn0039159,CG13608,mRpS24,ben_377
240,FBgn0005660,CG2914,Ets21C,ben_377
241,FBgn0033661,CG13185,CG13185,ben_377
242,FBgn0023096,CG15148,btv,ben_377
243,FBgn0035025,CG11416,uri,ben_377
244,FBgn0263974,CG43726,qin,ben_377
245,FBgn0038043,CG17202,CG17202,ben_377
246,FBgn0028530,CG18124,mTTF,ben_377
247,FBgn0022288,CG12792,l(2)09851,ben_377
248,FBgn0036686,CG7728,CG7728,ben_377
249,FBgn0263979,CG4236,Caf1-55,ben_377
250,FBgn0032346,CG6249,Csl4,ben_377
251,FBgn0033210,CG1406,U2A,ben_377
252,FBgn0260990,CG1973,yata,ben_377
253,FBgn0003744,CG8637,trc,ben_377
254,FBgn0052708,CG32708,CG32708,ben_377
255,FBgn0261617,CG15319,nej,ben_377
256,FBgn0002638,CG10480,Rcc1,ben_377
257,FBgn0028473,CG8801,Non1,ben_377
258,FBgn0266284,CG14788,Ns3,ben_377
259,FBgn0026737,CG6171,CG6171,ben_377
260,FBgn0035397,CG11486,PAN3,ben_377
261,FBgn0035162,CG13900,Sf3b3,ben_377
262,FBgn0032899,CG9338,CG9338,ben_377
263,FBgn0020261,CG3291,pcm,ben_377
264,FBgn0022213,CG13281,Cse1,ben_377
265,FBgn0030366,CG1490,Usp7,ben_377
266,FBgn0031538,CG3246,CG3246,ben_377
267,FBgn0031298,CG4428,Atg4a,ben_377
268,FBgn0029999,CG1575,CG1575,ben_377
269,FBgn0039271,CG11839,CG11839,ben_377
270,FBgn0286784,CG2331,TER94,ben_377
271,FBgn0034243,CG6501,Ns2,ben_377
272,FBgn0015925,CG3730,csul,ben_377
273,FBgn0038746,CG4510,Surf6,ben_377
274,FBgn0027084,CG12141,LysRS,ben_377
275,FBgn0035110,CG17143,thoc7,ben_377
276,FBgn0016794,CG1044,dos,ben_377
277,FBgn0036812,CG4076,Nufip,ben_377
278,FBgn0027868,CG6743,Nup107,ben_377
279,FBgn0032956,CG1512,Cul2,ben_377
280,FBgn0003041,CG8114,pbl,ben_377
281,FBgn0036815,CG6874,HipHop,ben_377
282,FBgn0037078,CG12971,CG12971,ben_377
283,FBgn0031145,CG1740,Ntf-2,ben_377
284,FBgn0036612,CG4998,CG4998,ben_377
285,FBgn0050076,CG30076,CG30076,ben_377
286,FBgn0284442,CG4206,Mcm3,ben_377
287,FBgn0250755,CG42233,CG42233,ben_377
288,FBgn0028490,CG31705,CG31705,ben_377
289,FBgn0000139,CG6677,ash2,ben_377
290,FBgn0026418,CG6603,Hsp110,ben_377
291,FBgn0051957,CG31957,CG31957,ben_377
292,FBgn0283681,CG4933,Tcs3,ben_377
293,FBgn0050476,CG30476,ave,ben_377
294,FBgn0002962,CG5637,nanos,ben_377
295,FBgn0261609,CG9946,eIF2alpha,ben_377
296,FBgn0259150,CG42265,OtopLc,ben_377
297,FBgn0000575,CG1007,emc,ben_377
298,FBgn0037121,CG11246,Polr2H,ben_377
299,FBgn0051852,CG31852,Tap42,ben_377
300,FBgn0005411,CG9998,U2af50,ben_377
301,FBgn0025637,CG16983,SkpA,ben_377
302,FBgn0027567,CG8108,Ciz1,ben_377
303,FBgn0000629,CG6502,E(z),ben_377
304,FBgn0003941,CG2960,RpL40,ben_377
305,FBgn0288834,CG9273,RPA2,ben_377
306,FBgn0264006,CG43749,dysc,ben_377
307,FBgn0264495,CG42803,gpp,ben_377
308,FBgn0031455,CG9958,Snapin,ben_377
309,FBgn0024921,CG7398,Tnpo,ben_377
310,FBgn0004855,CG3284,Polr2I,ben_377
311,FBgn0037249,CG9805,eIF3a,ben_377
312,FBgn0035099,CG6845,CG6845,ben_377
313,FBgn0046687,CG3171,Tre1,ben_377
314,FBgn0002787,CG3416,Rpn8,ben_377
315,FBgn0086451,CG10805,Heatr1,ben_377
316,FBgn0262473,CG5490,Tl,ben_377
317,FBgn0014366,CG2925,noi,ben_377
318,FBgn0037892,CG5242,mRpL40,ben_377
319,FBgn0051992,CG31992,gw,ben_377
320,FBgn0031668,CG31917,CG31917,ben_377
321,FBgn0050156,CG30156,CG30156,ben_377
322,FBgn0032691,CG10414,Atac2,ben_377
323,FBgn0003141,CG16784,pr,ben_377
324,FBgn0052152,CG32152,CG32152,ben_377
325,FBgn0036184,CG7351,PCID2,ben_377
326,FBgn0030500,CG9938,Ndc80,ben_377
327,FBgn0034225,CG4827,veil,ben_377
328,FBgn0037741,CG16908,Tti1,ben_377
329,FBgn0036763,CG7441,TrpRS-m,ben_377
330,FBgn0034217,CG18468,Lhr,ben_377
331,FBgn0053169,CG33169,CG33169,ben_377
332,FBgn0262734,CG4429,eIF4H1,ben_377
333,FBgn0051855,CG31855,CG31855,ben_377
334,FBgn0052554,CG32554,CG32554,ben_377
335,FBgn0031309,CG5041,Tfb4,ben_377
336,FBgn0033264,CG2158,Nup50,ben_377
337,FBgn0031048,CG12237,CG12237,ben_377
338,FBgn0038834,CG15697,RpS30,ben_377
339,FBgn0265523,CG4013,Smr,ben_377
340,FBgn0036258,CG5642,eIF3l,ben_377
341,FBgn0287225,CG6815,bor,ben_377
342,FBgn0022709,CG17146,Ak1,ben_377
343,FBgn0260794,CG42574,ctrip,ben_377
344,FBgn0014931,CG2678,kipf,ben_377
345,FBgn0015778,CG9412,rin,ben_377
346,FBgn0033842,CG5970,cbc,ben_377
347,FBgn0037755,CG12945,CG12945,ben_377
348,FBgn0261573,CG42687,CoRest,ben_377
349,FBgn0031116,CG1695,CG1695,ben_377
350,FBgn0039743,CG7946,Jasper,ben_377
351,FBgn0034654,CG10306,eIF3k,ben_377
352,FBgn0264324,CG31048,spg,ben_377
353,FBgn0003429,CG10693,slo,ben_377
354,FBgn0034313,CG5726,CG5726,ben_377
355,FBgn0030007,CG2263,alpha-PheRS,ben_377
356,FBgn0038842,CG5630,hdly,ben_377
357,FBgn0034903,CG9850,sona,ben_377
358,FBgn0000578,CG15112,ena,ben_377
359,FBgn0265998,CG42320,Doa,ben_377
360,FBgn0259216,CG42316,RhoGAP102A,ben_377
361,FBgn0261596,CG3751,RpS24,ben_377
362,FBgn0040339,CG3034,MED22,ben_377
363,FBgn0031677,CG14036,CG14036,ben_377
364,FBgn0040233,CG33694,cana,ben_377
365,FBgn0034963,CG13567,Not11,ben_377
366,FBgn0040575,CG15922,CG15922,ben_377
367,FBgn0004227,CG4211,nonA,ben_377
368,FBgn0015331,CG14637,abs,ben_377
369,FBgn0010295,CG10788,ng3,ben_377
370,FBgn0266465,CG5169,GckIII,ben_377
371,FBgn0003978,CG10728,vls,ben_377
372,FBgn0035337,CG15877,CG15877,ben_377
373,FBgn0038890,CG7956,sp3,ben_377
374,FBgn0032642,CG5110,Lamtor3,ben_377
375,FBgn0034248,CG14483,CG14483,ben_377
376,FBgn0051368,CG31368,salsa,ben_377
377,FBgn0262656,CG10798,Myc,ben_377
1,FBgn0263198,CG10473,Acn,handler_49
2,FBgn0041164,CG11513,armi,handler_49
3,FBgn0029094,CG9383,asf1,handler_49
4,FBgn0019637,CG1433,Atu,handler_49
5,FBgn0033273,CG2183,Gasz,handler_49
6,FBgn0036826,CG3893,arx,handler_49
7,FBgn0036710,CG6479,CG6479,handler_49
8,FBgn0034617,CG9754,Panx,handler_49
9,FBgn0000928,CG2706,fs(1)Yb,handler_49
10,FBgn0016034,CG11254,mael,handler_49
11,FBgn0033737,CG8831,Nup54,handler_49
12,FBgn0038722,CG7360,Nup58,handler_49
13,FBgn0004872,CG6122,piwi,handler_49
14,FBgn0003321,CG1664,sbr,handler_49
15,FBgn0010422,CG3710,TfIIS,handler_49
16,FBgn0263143,CG4771,vret,handler_49
17,FBgn0261266,CG12314,zuc,handler_49
18,FBgn0033316,CG14749,Gle1,handler_49
19,FBgn0033378,CG8781,tsu,handler_49
20,FBgn0033526,CG12892,Caf1-105,handler_49
21,FBgn0288470,CG3689,Cpsf5,handler_49
22,FBgn0063670,CG40228,CG40228,handler_49
23,FBgn0030738,CG9915,CG9915,handler_49
24,FBgn0086908,CG12196,egg,handler_49
25,FBgn0266053,CG5208,Patr-1,handler_49
26,FBgn0001197,CG5499,His2Av,handler_49
27,FBgn0027889,CG6386,ball,handler_49
28,FBgn0027524,CG3909,CG3909,handler_49
29,FBgn0051992,CG31992,gw,handler_49
30,FBgn0002736,CG9401,mago,handler_49
31,FBgn0028411,CG12752,Nxt1,handler_49
32,FBgn0020261,CG3291,pcm,handler_49
33,FBgn0037707,CG16788,RnpS1,handler_49
34,FBgn0039654,CG14514,Brd8,handler_49
35,FBgn0260468,CG7950,CG7950,handler_49
36,FBgn0033752,CG8569,CG8569,handler_49
37,FBgn0030812,CG8949,wcy,handler_49
38,FBgn0264326,CG6768,PolE1,handler_49
39,FBgn0014857,CG5825,His3.3A,handler_49
40,FBgn0004362,CG17950,HmgD,handler_49
41,FBgn0030858,CG8211,IntS2,handler_49
42,FBgn0265276,CG6930,l(3)neo38,handler_49
43,FBgn0035357,CG1244,MEP-1,handler_49
44,FBgn0042112,CG18767,mRpL36,handler_49
45,FBgn0031357,CG17642,mRpL48,handler_49
46,FBgn0010660,CG3820,Nup214,handler_49
47,FBgn0004924,CG6146,Top1,handler_49
48,FBgn0035842,CG7504,Setx,handler_49
49,FBgn0286516,CG9821,aqz,handler_49
1,FBgn0263198,CG10473,Acn,handler_80
2,FBgn0041164,CG11513,armi,handler_80
3,FBgn0029094,CG9383,asf1,handler_80
4,FBgn0019637,CG1433,Atu,handler_80
5,FBgn0033273,CG2183,Gasz,handler_80
6,FBgn0036826,CG3893,arx,handler_80
7,FBgn0036710,CG6479,CG6479,handler_80
8,FBgn0034617,CG9754,Panx,handler_80
9,FBgn0000928,CG2706,fs(1)Yb,handler_80
10,FBgn0016034,CG11254,mael,handler_80
11,FBgn0033737,CG8831,Nup54,handler_80
12,FBgn0038722,CG7360,Nup58,handler_80
13,FBgn0004872,CG6122,piwi,handler_80
14,FBgn0003321,CG1664,sbr,handler_80
15,FBgn0010422,CG3710,TfIIS,handler_80
16,FBgn0263143,CG4771,vret,handler_80
17,FBgn0261266,CG12314,zuc,handler_80
18,FBgn0033316,CG14749,Gle1,handler_80
19,FBgn0033378,CG8781,tsu,handler_80
20,FBgn0033526,CG12892,Caf1-105,handler_80
21,FBgn0288470,CG3689,Cpsf5,handler_80
22,FBgn0063670,CG40228,CG40228,handler_80
23,FBgn0030738,CG9915,CG9915,handler_80
24,FBgn0086908,CG12196,egg,handler_80
25,FBgn0266053,CG5208,Patr-1,handler_80
26,FBgn0001197,CG5499,His2Av,handler_80
27,FBgn0027889,CG6386,ball,handler_80
28,FBgn0027524,CG3909,CG3909,handler_80
29,FBgn0051992,CG31992,gw,handler_80
30,FBgn0002736,CG9401,mago,handler_80
31,FBgn0028411,CG12752,Nxt1,handler_80
32,FBgn0020261,CG3291,pcm,handler_80
33,FBgn0037707,CG16788,RnpS1,handler_80
34,FBgn0039654,CG14514,Brd8,handler_80
35,FBgn0260468,CG7950,CG7950,handler_80
36,FBgn0033752,CG8569,CG8569,handler_80
37,FBgn0030812,CG8949,wcy,handler_80
38,FBgn0264326,CG6768,PolE1,handler_80
39,FBgn0014857,CG5825,His3.3A,handler_80
40,FBgn0004362,CG17950,HmgD,handler_80
41,FBgn0030858,CG8211,IntS2,handler_80
42,FBgn0265276,CG6930,l(3)neo38,handler_80
43,FBgn0035357,CG1244,MEP-1,handler_80
44,FBgn0042112,CG18767,mRpL36,handler_80
45,FBgn0031357,CG17642,mRpL48,handler_80
46,FBgn0010660,CG3820,Nup214,handler_80
47,FBgn0004924,CG6146,Top1,handler_80
48,FBgn0035842,CG7504,Setx,handler_80
49,FBgn0286516,CG9821,aqz,handler_80
50,FBgn0011741,CG11678,Arp6,handler_80
51,FBgn0037001,CG6020,ND-39,handler_80
52,FBgn0039269,CG7662,veli,handler_80
53,FBgn0036752,CG5992,Adgf-A,handler_80
54,FBgn0034645,CG10320,ND-B12,handler_80
55,FBgn0034742,CG4294,CG4294,handler_80
56,FBgn0031771,CG9140,ND-51,handler_80
57,FBgn0025455,CG6292,CycT,handler_80
58,FBgn0038145,CG8863,Droj2,handler_80
59,FBgn0263933,CG4063,ebi,handler_80
60,FBgn0025825,CG2128,HDAC3,handler_80
61,FBgn0033686,CG12367,Hen1,handler_80
62,FBgn0039459,CG5491,IntS12,handler_80
63,FBgn0036570,CG5222,IntS9,handler_80
64,FBgn0001989,CG13240,ND-B17,handler_80
65,FBgn0038234,CG3351,mRpL11,handler_80
66,FBgn0032720,CG10603,mRpL13,handler_80
67,FBgn0036853,CG9730,mRpL21,handler_80
68,FBgn0031660,CG3782,mRpL28,handler_80
69,FBgn0038678,CG14283,mRpL55,handler_80
70,FBgn0032849,CG10757,mRpS18B,handler_80
71,FBgn0038426,CG10406,mRpS33,handler_80
72,FBgn0017566,CG2286,ND-75,handler_80
73,FBgn0038168,CG9591,omd,handler_80
74,FBgn0031047,CG14213,Rcd-1,handler_80
75,FBgn0003401,CG4735,shu,handler_80
76,FBgn0037371,CG2097,Sym,handler_80
77,FBgn0031057,CG14224,Ubqn,handler_80
78,FBgn0027499,CG12340,wde,handler_80
79,FBgn0032321,CG4621,YL-1,handler_80
80,FBgn0034240,CG4903,MESR4,handler_80
1,FBgn0263198,CG10473,Acn,handler_144
2,FBgn0041164,CG11513,armi,handler_144
3,FBgn0029094,CG9383,asf1,handler_144
4,FBgn0019637,CG1433,Atu,handler_144
5,FBgn0033273,CG2183,Gasz,handler_144
6,FBgn0036826,CG3893,arx,handler_144
7,FBgn0036710,CG6479,CG6479,handler_144
8,FBgn0034617,CG9754,Panx,handler_144
9,FBgn0000928,CG2706,fs(1)Yb,handler_144
10,FBgn0016034,CG11254,mael,handler_144
11,FBgn0033737,CG8831,Nup54,handler_144
12,FBgn0038722,CG7360,Nup58,handler_144
13,FBgn0004872,CG6122,piwi,handler_144
14,FBgn0003321,CG1664,sbr,handler_144
15,FBgn0010422,CG3710,TfIIS,handler_144
16,FBgn0263143,CG4771,vret,handler_144
17,FBgn0261266,CG12314,zuc,handler_144
18,FBgn0033316,CG14749,Gle1,handler_144
19,FBgn0033378,CG8781,tsu,handler_144
20,FBgn0033526,CG12892,Caf1-105,handler_144
21,FBgn0288470,CG3689,Cpsf5,handler_144
22,FBgn0063670,CG40228,CG40228,handler_144
23,FBgn0030738,CG9915,CG9915,handler_144
24,FBgn0086908,CG12196,egg,handler_144
25,FBgn0266053,CG5208,Patr-1,handler_144
26,FBgn0001197,CG5499,His2Av,handler_144
27,FBgn0027889,CG6386,ball,handler_144
28,FBgn0027524,CG3909,CG3909,handler_144
29,FBgn0051992,CG31992,gw,handler_144
30,FBgn0002736,CG9401,mago,handler_144
31,FBgn0028411,CG12752,Nxt1,handler_144
32,FBgn0020261,CG3291,pcm,handler_144
33,FBgn0037707,CG16788,RnpS1,handler_144
34,FBgn0039654,CG14514,Brd8,handler_144
35,FBgn0260468,CG7950,CG7950,handler_144
36,FBgn0033752,CG8569,CG8569,handler_144
37,FBgn0030812,CG8949,wcy,handler_144
38,FBgn0264326,CG6768,PolE1,handler_144
39,FBgn0014857,CG5825,His3.3A,handler_144
40,FBgn0004362,CG17950,HmgD,handler_144
41,FBgn0030858,CG8211,IntS2,handler_144
42,FBgn0265276,CG6930,l(3)neo38,handler_144
43,FBgn0035357,CG1244,MEP-1,handler_144
44,FBgn0042112,CG18767,mRpL36,handler_144
45,FBgn0031357,CG17642,mRpL48,handler_144
46,FBgn0010660,CG3820,Nup214,handler_144
47,FBgn0004924,CG6146,Top1,handler_144
48,FBgn0035842,CG7504,Setx,handler_144
49,FBgn0286516,CG9821,aqz,handler_144
50,FBgn0011741,CG11678,Arp6,handler_144
51,FBgn0037001,CG6020,ND-39,handler_144
52,FBgn0039269,CG7662,veli,handler_144
53,FBgn0036752,CG5992,Adgf-A,handler_144
54,FBgn0034645,CG10320,ND-B12,handler_144
55,FBgn0034742,CG4294,CG4294,handler_144
56,FBgn0031771,CG9140,ND-51,handler_144
57,FBgn0025455,CG6292,CycT,handler_144
58,FBgn0038145,CG8863,Droj2,handler_144
59,FBgn0263933,CG4063,ebi,handler_144
60,FBgn0025825,CG2128,HDAC3,handler_144
61,FBgn0033686,CG12367,Hen1,handler_144
62,FBgn0039459,CG5491,IntS12,handler_144
63,FBgn0036570,CG5222,IntS9,handler_144
64,FBgn0001989,CG13240,ND-B17,handler_144
65,FBgn0038234,CG3351,mRpL11,handler_144
66,FBgn0032720,CG10603,mRpL13,handler_144
67,FBgn0036853,CG9730,mRpL21,handler_144
68,FBgn0031660,CG3782,mRpL28,handler_144
69,FBgn0038678,CG14283,mRpL55,handler_144
70,FBgn0032849,CG10757,mRpS18B,handler_144
71,FBgn0038426,CG10406,mRpS33,handler_144
72,FBgn0017566,CG2286,ND-75,handler_144
73,FBgn0038168,CG9591,omd,handler_144
74,FBgn0031047,CG14213,Rcd-1,handler_144
75,FBgn0003401,CG4735,shu,handler_144
76,FBgn0037371,CG2097,Sym,handler_144
77,FBgn0031057,CG14224,Ubqn,handler_144
78,FBgn0027499,CG12340,wde,handler_144
79,FBgn0032321,CG4621,YL-1,handler_144
80,FBgn0034240,CG4903,MESR4,handler_144
81,FBgn0027537,CG11092,Nup93-1,handler_144
82,FBgn0040477,CG13329,cid,handler_144
83,FBgn0034921,CG11183,DCP1,handler_144
84,FBgn0026679,CG12113,IntS4,handler_144
85,FBgn0002791,CG3060,mr,handler_144
86,FBgn0261270,CG8553,Sps1,handler_144
87,FBgn0005672,CG10334,spi,handler_144
88,FBgn0286813,CG8174,SRPK,handler_144
89,FBgn0036666,CG9712,TSG101,handler_144
90,FBgn0000376,CG2714,crm,handler_144
91,FBgn0263351,CG7057,AP-2mu,handler_144
92,FBgn0052707,CG32707,APC4,handler_144
93,FBgn0032819,CG10463,Dus3,handler_144
94,FBgn0037712,CG16789,CG16789,handler_144
95,FBgn0036574,CG16838,elg1,handler_144
96,FBgn0032030,CG17293,Wdr82,handler_144
97,FBgn0037342,CG2931,CG2931,handler_144
98,FBgn0050015,CG30015,CG30015,handler_144
99,FBgn0030434,CG4400,Brms1,handler_144
100,FBgn0035032,CG4692,ATPsynF,handler_144
101,FBgn0038768,CG4936,idc,handler_144
102,FBgn0039430,CG5455,CG5455,handler_144
103,FBgn0036240,CG6928,CG6928,handler_144
104,FBgn0037102,CG7172,CRIF,handler_144
105,FBgn0038546,CG7379,CG7379,handler_144
106,FBgn0032923,CG9248,Pld3,handler_144
107,FBgn0015621,CG3642,Clp,handler_144
108,FBgn0027841,CG7697,CstF64,handler_144
109,FBgn0011760,CG6998,ctp,handler_144
110,FBgn0033806,CG4616,FLASH,handler_144
111,FBgn0004828,CG8989,His3.3B,handler_144
112,FBgn0289323,CG5859,IntS8,handler_144
113,FBgn0087013,CG1059,Karybeta3,handler_144
114,FBgn0010398,CG6098,Lrr47,handler_144
115,FBgn0031231,CG11488,mRpL10,handler_144
116,FBgn0035122,CG13880,mRpL17,handler_144
117,FBgn0036135,CG7636,mRpL2,handler_144
118,FBgn0036335,CG11258,mRpL20,handler_144
119,FBgn0031651,CG8849,mRpL24,handler_144
120,FBgn0038923,CG13410,mRpL35,handler_144
121,FBgn0030552,CG15871,mRpL38,handler_144
122,FBgn0036462,CG17166,mRpL39,handler_144
123,FBgn0034893,CG5479,mRpL43,handler_144
124,FBgn0263863,CG6949,mRpL45,handler_144
125,FBgn0034579,CG9353,mRpL54,handler_144
126,FBgn0038307,CG4247,mRpS10,handler_144
127,FBgn0051450,CG31450,mRpS18A,handler_144
128,FBgn0039555,CG12261,mRpS22,handler_144
129,FBgn0260407,CG31842,mRpS23,handler_144
130,FBgn0030572,CG14413,mRpS25,handler_144
131,FBgn0285951,CG42648,mRpS34,handler_144
132,FBgn0035534,CG15016,mRpS6,handler_144
133,FBgn0032236,CG5108,mRpS7,handler_144
134,FBgn0037008,CG5047,mTerf3,handler_144
135,FBgn0017567,CG3944,ND-23,handler_144
136,FBgn0019957,CG6343,ND-42,handler_144
137,FBgn0262699,CG3000,fzr,handler_144
138,FBgn0262467,CG8885,Scox,handler_144
139,FBgn0016917,CG4257,Stat92E,handler_144
140,FBgn0004465,CG4086,mPges2,handler_144
141,FBgn0030480,CG1660,Tim9a,handler_144
142,FBgn0265194,CG44240,Trpm,handler_144
143,FBgn0086785,CG10711,Vps36,handler_144
144,FBgn0261380,CG42632,mRpL37,handler_144
1,FBgn0000008,CG6741,a,muerdter_87
2,FBgn0000032,CG7899,Acph-1,muerdter_87
3,FBgn0000092,CG2650,dyw,muerdter_87
4,FBgn0000163,CG5055,baz,muerdter_87
5,FBgn0000928,CG2706,fs(1)Yb,muerdter_87
6,FBgn0001624,CG1725,dlg1,muerdter_87
7,FBgn0003162,CG9441,Pu,muerdter_87
8,FBgn0003300,CG1849,run,muerdter_87
9,FBgn0003388,CG13478,shd,muerdter_87
10,FBgn0003401,CG4735,shu,muerdter_87
11,FBgn0003612,CG8068,Su(var)2-10,muerdter_87
12,FBgn0011554,CG12386,etaTry,muerdter_87
13,FBgn0015520,CG10328,nonA-l,muerdter_87
14,FBgn0015664,CG5838,Dref,muerdter_87
15,FBgn0016034,CG11254,mael,muerdter_87
16,FBgn0021761,CG4579,Nup154,muerdter_87
17,FBgn0026061,CG4123,Mipp1,muerdter_87
18,FBgn0027360,CG9878,Tim10,muerdter_87
19,FBgn0027499,CG12340,wde,muerdter_87
20,FBgn0027512,CG10254,CG10254,muerdter_87
21,FBgn0027865,CG6120,Tsp96F,muerdter_87
22,FBgn0028411,CG12752,Nxt1,muerdter_87
23,FBgn0028494,CG6424,CG6424,muerdter_87
24,FBgn0028863,CG4587,stol,muerdter_87
25,FBgn0028868,CG4701,CG4701,muerdter_87
26,FBgn0028940,CG8864,Cyp28a5,muerdter_87
27,FBgn0028982,CG12225,Spt6,muerdter_87
28,FBgn0029113,CG7528,Uba2,muerdter_87
29,FBgn0029117,CG9943,Surf1,muerdter_87
30,FBgn0029512,CG12276,Aos1,muerdter_87
31,FBgn0029800,CG15929,lin-52,muerdter_87
32,FBgn0030263,CG2076,CG2076,muerdter_87
33,FBgn0030655,CG9213,CG9213,muerdter_87
34,FBgn0030658,CG7872,CG7872,muerdter_87
35,FBgn0031228,CG11455,ND-15,muerdter_87
36,FBgn0032242,CG5355,CG5355,muerdter_87
37,FBgn0032783,CG10237,CG10237,muerdter_87
38,FBgn0033033,CG11066,scaf,muerdter_87
39,FBgn0033187,CG2144,PIG-G,muerdter_87
40,FBgn0033221,CG12825,CG12825,muerdter_87
41,FBgn0033273,CG2183,Gasz,muerdter_87
42,FBgn0033464,CG1441,CG1441,muerdter_87
43,FBgn0033659,CG18188,Damm,muerdter_87
44,FBgn0034151,CG15617,CG15617,muerdter_87
45,FBgn0034617,CG9754,Panx,muerdter_87
46,FBgn0034649,CG9865,PIG-M,muerdter_87
47,FBgn0034661,CG4386,tpr,muerdter_87
48,FBgn0034861,CG9815,CG9815,muerdter_87
49,FBgn0034970,CG4005,yki,muerdter_87
50,FBgn0034982,CG4065,Naa35,muerdter_87
51,FBgn0035007,CG3492,CG3492,muerdter_87
52,FBgn0263832,CG1135,Rcd5,muerdter_87
53,FBgn0035689,CG7376,CG7376,muerdter_87
54,FBgn0035849,CG7404,ERR,muerdter_87
55,FBgn0036053,CG6718,iPLA2-VIA,muerdter_87
56,FBgn0036121,CG6310,CG6310,muerdter_87
57,FBgn0036640,CG4118,nxf2,muerdter_87
58,FBgn0036826,CG3893,arx,muerdter_87
59,FBgn0037108,CG11306,Alg11,muerdter_87
60,FBgn0037707,CG16788,RnpS1,muerdter_87
61,FBgn0037855,CG6621,CG6621,muerdter_87
62,FBgn0037958,CG6962,CG6962,muerdter_87
63,FBgn0038016,CG10042,MBD-R2,muerdter_87
64,FBgn0038224,CG3321,ATPsynE,muerdter_87
65,FBgn0038609,CG7671,Nup43,muerdter_87
66,FBgn0038739,CG4686,CG4686,muerdter_87
67,FBgn0038925,CG6022,Cchl,muerdter_87
68,FBgn0039796,CG12069,CG12069,muerdter_87
69,FBgn0040732,CG16926,CG16926,muerdter_87
70,FBgn0041164,CG11513,armi,muerdter_87
71,FBgn0043456,CG4747,Ndf,muerdter_87
72,FBgn0043884,CG33106,mask,muerdter_87
73,FBgn0051097,CG31097,CG31097,muerdter_87
74,FBgn0051288,CG31288,CG31288,muerdter_87
75,FBgn0051871,CG31871,CG31871,muerdter_87
76,FBgn0053213,CG33213,Boh1,muerdter_87
77,FBgn0053526,CG33526,PNUTS,muerdter_87
78,FBgn0085243,CG34214,CG34214,muerdter_87
79,FBgn0085421,CG34392,Epac,muerdter_87
80,FBgn0086372,CG2520,lap,muerdter_87
81,FBgn0087013,CG1059,Karybeta3,muerdter_87
82,FBgn0260634,CG10192,eIF4G2,muerdter_87
83,FBgn0261016,CG42600,clos,muerdter_87
84,FBgn0261266,CG12314,zuc,muerdter_87
85,FBgn0261963,CG6634,mid,muerdter_87
86,FBgn0262519,CG8103,Mi-2,muerdter_87
87,FBgn0263143,CG4771,vret,muerdter_87
1,FBgn0033842,CG5970,cbc,muerdter_52
2,FBgn0032690,CG10333,CG10333,muerdter_52
3,FBgn0033661,CG13185,CG13185,muerdter_52
4,FBgn0287725,CG14438,sov,muerdter_52
5,FBgn0030733,CG3560,UQCR-14,muerdter_52
6,FBgn0031493,CG3605,Sf3b2,muerdter_52
7,FBgn0032197,CG5694,ova,muerdter_52
8,FBgn0035854,CG8005,Dhps,muerdter_52
9,FBgn0038597,CG8064,CG8064,muerdter_52
10,FBgn0032919,CG9253,pths,muerdter_52
11,FBgn0037561,CG9630,CG9630,muerdter_52
12,FBgn0027873,CG1957,Cpsf100,muerdter_52
13,FBgn0032346,CG6249,Csl4,muerdter_52
14,FBgn0033260,CG8711,Cul4,muerdter_52
15,FBgn0039710,CG18041,dgt1,muerdter_52
16,FBgn0011217,CG7425,eff,muerdter_52
17,FBgn0014189,CG7269,Hel25E,muerdter_52
18,FBgn0260991,CG12165,Incenp,muerdter_52
19,FBgn0028426,CG3298,RNaseZ,muerdter_52
20,FBgn0004378,CG9191,Klp61F,muerdter_52
21,FBgn0086444,CG10689,l(2)37Cb,muerdter_52
22,FBgn0010602,CG3018,lwr,muerdter_52
23,FBgn0002736,CG9401,mago,muerdter_52
24,FBgn0016691,CG4307,ATPsynO,muerdter_52
25,FBgn0004872,CG6122,piwi,muerdter_52
26,FBgn0032884,CG9324,Pomp,muerdter_52
27,FBgn0002284,CG4097,Prosbeta6,muerdter_52
28,FBgn0250843,CG4904,Prosalpha6,muerdter_52
29,FBgn0010590,CG8392,Prosbeta1,muerdter_52
30,FBgn0262955,CG3180,Polr2B,muerdter_52
31,FBgn0011272,CG4651,RpL13,muerdter_52
32,FBgn0285950,CG2746,RpL19,muerdter_52
33,FBgn0086710,CG10652,RpL30,muerdter_52
34,FBgn0283652,CG11606,Rpp30,muerdter_52
35,FBgn0003279,CG5502,RpL4,muerdter_52
36,FBgn0000100,CG7490,RpLP0,muerdter_52
37,FBgn0002593,CG4087,RpLP1,muerdter_52
38,FBgn0028689,CG10149,Rpn6,muerdter_52
39,FBgn0283652,CG11606,Rpp30,muerdter_52
40,FBgn0004867,CG5920,RpS2,muerdter_52
41,FBgn0038269,CG7292,Rrp6,muerdter_52
42,FBgn0262601,CG5352,SmB,muerdter_52
43,FBgn0261789,CG1249,SmD2,muerdter_52
44,FBgn0264922,CG4494,Sumo,muerdter_52
45,FBgn0024285,CG4602,Srp54,muerdter_52
46,FBgn0003517,CG14792,sta,muerdter_52
47,FBgn0003607,CG8409,Su(var)205,muerdter_52
48,FBgn0260635,CG12284,Diap1,muerdter_52
49,FBgn0000964,CG10034,tj,muerdter_52
50,FBgn0262515,CG8029,VhaAC45,muerdter_52
51,FBgn0283469,CG6842,Vps4,muerdter_52
52,FBgn0040066,CG17437,wds,muerdter_52
1,FBgn0000014,CG10325,abd-A,muerdter_149
2,FBgn0023416,CG1506,Ac3,muerdter_149
3,FBgn0000117,CG11579,arm,muerdter_149
4,FBgn0037834,CG6554,Art1,muerdter_149
5,FBgn0020407,CG6814,asun,muerdter_149
6,FBgn0011785,CG31132,BRWD3,muerdter_149
7,FBgn0038439,CG14900,Cad89D,muerdter_149
8,FBgn0039294,CG13664,Cad96Cb,muerdter_149
9,FBgn0015614,CG11217,CanB2,muerdter_149
10,FBgn0039324,CG10553,CG10553,muerdter_149
11,FBgn0032845,CG10747,CG10747,muerdter_149
12,FBgn0031398,CG10880,daed,muerdter_149
13,FBgn0036305,CG10984,CG10984,muerdter_149
14,FBgn0035300,CG1139,acs,muerdter_149
15,FBgn0038690,CG11703,CG11703,muerdter_149
16,FBgn0039627,CG11837,CG11837,muerdter_149
17,FBgn0039271,CG11839,CG11839,muerdter_149
18,FBgn0028504,CG12182,CG12182,muerdter_149
19,FBgn0033556,CG12343,CG12343,muerdter_149
20,FBgn0037769,-,CG12419,muerdter_149
21,FBgn0030224,CG12637,CG12637,muerdter_149
22,FBgn0040801,CG13053,CG13053,muerdter_149
23,FBgn0032789,CG13083,CG13083,muerdter_149
24,FBgn0033792,CG13325,CG13325,muerdter_149
25,FBgn0030559,CG13404,CG13404,muerdter_149
26,FBgn0033195,CG1360,CG1360,muerdter_149
27,FBgn0039150,CG13605,CG13605,muerdter_149
28,FBgn0033474,CG1407,CG1407,muerdter_149
29,FBgn0036178,CG14137,CG14137,muerdter_149
30,FBgn0030996,CG14194,CG14194,muerdter_149
31,FBgn0037347,CG1427,SecS,muerdter_149
32,FBgn0037883,CG14701,Dph3,muerdter_149
33,FBgn0040777,CG14767,CG14767,muerdter_149
34,FBgn0031580,CG15423,CG15423,muerdter_149
35,FBgn0030465,CG15743,CG15743,muerdter_149
36,FBgn0030289,CG1597,GCS1,muerdter_149
37,FBgn0036481,CG16959,CG16959,muerdter_149
38,FBgn0031497,CG17259,SerRS,muerdter_149
39,FBgn0042111,CG18766,CG18766,muerdter_149
40,FBgn0037378,CG2046,PSMG1,muerdter_149
41,FBgn0030223,CG2111,CG2111,muerdter_149
42,FBgn0034703,CG3045,CG3045,muerdter_149
43,FBgn0051300,CG31300,CG31300,muerdter_149
44,FBgn0051365,CG31365,CG31365,muerdter_149
45,FBgn0051496,CG31496,CG31496,muerdter_149
46,FBgn0023525,CG3191,CG3191,muerdter_149
47,FBgn0047178,CG32147,CG32147,muerdter_149
48,FBgn0052232,CG32232,t-Grip128,muerdter_149
49,FBgn0033093,CG3270,CG3270,muerdter_149
50,FBgn0053017,CG33017,CG33017,muerdter_149
51,FBgn0031573,CG3407,CG3407,muerdter_149
52,FBgn0083949,CG34113,side-III,muerdter_149
53,FBgn0263776,CG43693,-,muerdter_149
54,FBgn0085477,CG34448,CG34448,muerdter_149
55,FBgn0085489,CG34460,CG34460,muerdter_149
56,FBgn0025681,CG3558,CG3558,muerdter_149
57,FBgn0032130,CG3838,brwl,muerdter_149
58,FBgn0028888,CG4168,CG4168,muerdter_149
59,FBgn0038388,CG4287,CG4287,muerdter_149
60,FBgn0036274,CG4328,CG4328,muerdter_149
61,FBgn0032166,CG4619,CG4619,muerdter_149
62,FBgn0036784,CG5103,CG5103,muerdter_149
63,FBgn0027579,CG5508,mino,muerdter_149
64,FBgn0038855,CG5745,Tbc1d22,muerdter_149
65,FBgn0026576,CG5991,Pisd,muerdter_149
66,FBgn0037878,CG6693,CG6693,muerdter_149
67,FBgn0035099,CG6845,CG6845,muerdter_149
68,FBgn0031740,CG7239,CG7239,muerdter_149
69,FBgn0286828,CG7705,dind,muerdter_149
70,FBgn0034109,CG7747,CG7747,muerdter_149
71,FBgn0035714,CG8549,Sbds,muerdter_149
72,FBgn0030562,CG9400,CG9400,muerdter_149
73,FBgn0038211,CG9649,CG9649,muerdter_149
74,FBgn0037621,CG9797,M1BP,muerdter_149
75,FBgn0045761,CG10618,CHKov1,muerdter_149
76,FBgn0022702,CG2054,Cht2,muerdter_149
77,FBgn0053302,CG33302,Cpr31A,muerdter_149
78,FBgn0035735,CG8640,Cpr65Ea,muerdter_149
79,FBgn0036617,CG4818,Cpr72Ea,muerdter_149
80,FBgn0024698,CG10110,Cpsf160,muerdter_149
81,FBgn0027053,CG14884,CSN5,muerdter_149
82,FBgn0037384,CG10981,dgrn,muerdter_149
83,FBgn0000454,CG9285,Dip-B,muerdter_149
84,FBgn0035954,CG5093,Doc3,muerdter_149
85,FBgn0260006,CG33968,drd,muerdter_149
86,FBgn0028737,CG6341,eEF1beta,muerdter_149
87,FBgn0014849,CG7327,Eig71Ei,muerdter_149
88,FBgn0083228,CG5907,Frq2,muerdter_149
89,FBgn0259878,CG33466,Fs,muerdter_149
90,FBgn0032223,CG5034,GATAd,muerdter_149
91,FBgn0015229,CG6575,glec,muerdter_149
92,FBgn0040322,CG4144,GNBP2,muerdter_149
93,FBgn0015239,CG7199,Hr78,muerdter_149
94,FBgn0034457,CG15122,Ir56c,muerdter_149
95,FBgn0039080,CG17382,Ir94h,muerdter_149
96,FBgn0024222,CG4201,IKKbeta,muerdter_149
97,FBgn0004380,CG10642,Klp64D,muerdter_149
98,FBgn0010238,CG12369,Lac,muerdter_149
99,FBgn0033984,CG10255,Lap1,muerdter_149
100,FBgn0261618,CG42551,larp,muerdter_149
101,FBgn0002531,CG11650,Lcp1,muerdter_149
102,FBgn0031759,CG9088,Kdm5,muerdter_149
103,FBgn0035610,CG10626,Lkr,muerdter_149
104,FBgn0019686,CG10895,lok,muerdter_149
105,FBgn0033845,CG17064,mars,muerdter_149
106,FBgn0261786,CG5360,mi,muerdter_149
107,FBgn0002780,CG2050,mod,muerdter_149
108,FBgn0013756,CG8274,Mgtor,muerdter_149
109,FBgn0004177,CG7109,mts,muerdter_149
110,FBgn0263705,CG43657,Myo10A,muerdter_149
111,FBgn0034797,CG12781,nahoda,muerdter_149
112,FBgn0039302,CG11856,Nup358,muerdter_149
113,FBgn0034310,CG5733,Nup75,muerdter_149
114,FBgn0029521,CG17885,Or1a,muerdter_149
115,FBgn0005648,CG2163,Pabp2,muerdter_149
116,FBgn0262728,CG5472,Pal2,muerdter_149
117,FBgn0003044,CG5109,Pcl,muerdter_149
118,FBgn0015279,CG4141,Pi3K92E,muerdter_149
119,FBgn0025741,CG11081,PlexA,muerdter_149
120,FBgn0004103,CG5650,Pp1-87B,muerdter_149
121,FBgn0039270,CG11820,PQBP1,muerdter_149
122,FBgn0026380,CG11981,Prosbeta3,muerdter_149
123,FBgn0031479,CG3083,Prx6a,muerdter_149
124,FBgn0020912,CG1447,Ptx1,muerdter_149
125,FBgn0014011,CG8556,Rac2,muerdter_149
126,FBgn0020255,CG1404,Ran,muerdter_149
127,FBgn0053547,CG33547,Rim,muerdter_149
128,FBgn0032256,CG6187,RluA-2,muerdter_149
129,FBgn0013325,CG7726,RpL11,muerdter_149
130,FBgn0033485,CG1381,RpLP0-like,muerdter_149
131,FBgn0019932,CG5029,SamDC,muerdter_149
132,FBgn0037912,CG6782,sea,muerdter_149
133,FBgn0002573,CG32120,sens,muerdter_149
134,FBgn0032475,CG16975,Sfmbt,muerdter_149
135,FBgn0030300,CG1747,Sk1,muerdter_149
136,FBgn0037263,CG18271,slx1,muerdter_149
137,FBgn0022359,CG4649,Sodh2,muerdter_149
138,FBgn0016977,CG18497,spen,muerdter_149
139,FBgn0039349,CG4685,Ssadh,muerdter_149
140,FBgn0028675,CG5772,Sur,muerdter_149
141,FBgn0028560,CG1380,sut4,muerdter_149
142,FBgn0035540,CG7452,Syx17,muerdter_149
143,FBgn0023477,CG2827,Taldo,muerdter_149
144,FBgn0028541,CG7364,TM9SF4,muerdter_149
145,FBgn0265974,CG10117,ttv,muerdter_149
146,FBgn0029170,CG5812,TwdlT,muerdter_149
147,FBgn0017456,CG12799,Ubc84D,muerdter_149
148,FBgn0026756,CG11012,Ugt37A1,muerdter_149
149,FBgn0039338,CG4548,XNP,muerdter_149
