gene_id,cg_id,symbol,ben_74,ben_216,ben_137,ben_377,handler_49,handler_80,handler_144,muerdter_87,muerdter_52,muerdter_149,sum
FBgn0000008,CG6741,a,0,0,0,0,0,0,0,1,0,0,1
FBgn0000014,CG10325,abd-A,0,0,0,0,0,0,0,0,0,1,1
FBgn0000032,CG7899,Acph-1,0,0,0,0,0,0,0,1,0,0,1
FBgn0000092,CG2650,dyw,0,0,0,0,0,0,0,1,0,0,1
FBgn0000100,CG7490,RpLP0,0,0,0,0,0,0,0,0,1,0,1
FBgn0000117,CG11579,arm,0,0,0,0,0,0,0,0,0,1,1
FBgn0000139,CG6677,ash2,0,0,1,1,0,0,0,0,0,0,2
FBgn0000146,CG6137,aub,1,1,1,1,0,0,0,0,0,0,4
FBgn0000163,CG5055,baz,0,0,0,0,0,0,0,1,0,0,1
FBgn0000376,CG2714,crm,0,0,0,1,0,0,1,0,0,0,2
FBgn0000451,CG6611,ect,1,1,1,1,0,0,0,0,0,0,4
FBgn0000454,CG9285,Dip-B,0,0,0,0,0,0,0,0,0,1,1
FBgn0000541,CG32346,E(bx),1,1,1,1,0,0,0,0,0,0,4
FBgn0000575,CG1007,emc,0,0,0,1,0,0,0,0,0,0,1
FBgn0000578,CG15112,ena,0,0,0,1,0,0,0,0,0,0,1
FBgn0000579,CG17654,Eno,0,1,0,0,0,0,0,0,0,0,1
FBgn0000629,CG6502,E(z),0,0,0,1,0,0,0,0,0,0,1
FBgn0000928,CG2706,fs(1)Yb,0,0,0,0,1,1,1,1,0,0,4
FBgn0000964,CG10034,tj,0,0,0,0,0,0,0,0,1,0,1
FBgn0000996,CG8171,dup,0,1,0,0,0,0,0,0,0,0,1
FBgn0001179,CG8019,hay,0,0,1,1,0,0,0,0,0,0,2
FBgn0001197,CG5499,His2Av,1,1,1,1,1,1,1,0,0,0,7
FBgn0001220,CG8542,Hsc70-5,0,1,1,1,0,0,0,0,0,0,3
FBgn0001222,CG5748,Hsf,0,1,1,1,0,0,0,0,0,0,3
FBgn0001341,CG6189,Mybbp1A,0,1,1,1,0,0,0,0,0,0,3
FBgn0001624,CG1725,dlg1,0,0,0,0,0,0,0,1,0,0,1
FBgn0001989,CG13240,ND-B17,0,0,0,0,0,1,1,0,0,0,2
FBgn0001991,CG4894,Ca-alpha1D,0,1,0,0,0,0,0,0,0,0,1
FBgn0001994,CG7664,crp,1,1,1,1,0,0,0,0,0,0,4
FBgn0002021,CG10655,l(2)37Bb,1,1,1,1,0,0,0,0,0,0,4
FBgn0002044,CG10084,swm,0,0,0,1,0,0,0,0,0,0,1
FBgn0002284,CG4097,Prosbeta6,0,0,0,0,0,0,0,0,1,0,1
FBgn0002431,CG9484,hyd,0,0,0,1,0,0,0,0,0,0,1
FBgn0002531,CG11650,Lcp1,0,0,0,0,0,0,0,0,0,1,1
FBgn0002573,CG32120,sens,0,0,0,0,0,0,0,0,0,1,1
FBgn0002579,CG7622,RpL36,0,1,0,1,0,0,0,0,0,0,2
FBgn0002593,CG4087,RpLP1,0,0,0,0,0,0,0,0,1,0,1
FBgn0002638,CG10480,Rcc1,0,0,0,1,0,0,0,0,0,0,1
FBgn0002736,CG9401,mago,0,1,0,1,1,1,1,0,1,0,6
FBgn0002780,CG2050,mod,0,0,0,0,0,0,0,0,0,1,1
FBgn0002787,CG3416,Rpn8,0,0,0,1,0,0,0,0,0,0,1
FBgn0002791,CG3060,mr,0,0,0,0,0,0,1,0,0,0,1
FBgn0002962,CG5637,nanos,0,0,1,1,0,0,0,0,0,0,2
FBgn0003023,CG12743,otu,0,0,1,1,0,0,0,0,0,0,2
FBgn0003041,CG8114,pbl,0,0,0,1,0,0,0,0,0,0,1
FBgn0003044,CG5109,Pcl,0,0,0,0,0,0,0,0,0,1,1
FBgn0003062,CG9888,Fib,0,1,0,1,0,0,0,0,0,0,2
FBgn0003141,CG16784,pr,0,0,0,1,0,0,0,0,0,0,1
FBgn0003162,CG9441,Pu,0,0,0,0,0,0,0,1,0,0,1
FBgn0003261,CG10279,Rm62,0,0,0,1,0,0,0,0,0,0,1
FBgn0003279,CG5502,RpL4,0,0,0,0,0,0,0,0,1,0,1
FBgn0003300,CG1849,run,0,0,0,0,0,0,0,1,0,0,1
FBgn0003321,CG1664,sbr,0,0,0,0,1,1,1,0,0,0,3
FBgn0003388,CG13478,shd,0,0,0,0,0,0,0,1,0,0,1
FBgn0003401,CG4735,shu,1,1,1,1,0,1,1,1,0,0,7
FBgn0003429,CG10693,slo,0,0,0,1,0,0,0,0,0,0,1
FBgn0003483,CG3158,spn-E,1,1,1,1,0,0,0,0,0,0,4
FBgn0003517,CG14792,sta,0,0,0,0,0,0,0,0,1,0,1
FBgn0003607,CG8409,Su(var)205,0,1,1,1,0,0,0,0,1,0,4
FBgn0003612,CG8068,Su(var)2-10,0,0,0,0,0,0,0,1,0,0,1
FBgn0003744,CG8637,trc,0,0,0,1,0,0,0,0,0,0,1
FBgn0003884,CG1913,alphaTub84B,0,1,0,0,0,0,0,0,0,0,1
FBgn0003886,CG9476,alphaTub85E,0,1,0,1,0,0,0,0,0,0,2
FBgn0003941,CG2960,RpL40,0,0,0,1,0,0,0,0,0,0,1
FBgn0003978,CG10728,vls,0,0,0,1,0,0,0,0,0,0,1
FBgn0003997,CG5123,hid,0,0,0,1,0,0,0,0,0,0,1
FBgn0004103,CG5650,Pp1-87B,0,0,0,0,0,0,0,0,0,1,1
FBgn0004106,CG5363,Cdk1,0,1,0,1,0,0,0,0,0,0,2
FBgn0004177,CG7109,mts,0,0,0,0,0,0,0,0,0,1,1
FBgn0004227,CG4211,nonA,0,0,1,1,0,0,0,0,0,0,2
FBgn0004362,CG17950,HmgD,0,0,0,0,1,1,1,0,0,0,3
FBgn0004378,CG9191,Klp61F,0,0,0,0,0,0,0,0,1,0,1
FBgn0004380,CG10642,Klp64D,0,0,0,0,0,0,0,0,0,1,1
FBgn0004400,CG10683,rhi,1,1,1,1,0,0,0,0,0,0,4
FBgn0004465,CG4086,mPges2,0,0,0,0,0,0,1,0,0,0,1
FBgn0004644,CG4637,hh,1,1,1,1,0,0,0,0,0,0,4
FBgn0004687,CG3201,Mlc-c,1,1,1,1,0,0,0,0,0,0,4
FBgn0004828,CG8989,His3.3B,0,0,0,0,0,0,1,0,0,0,1
FBgn0004838,CG10377,Hrb27C,0,0,1,1,0,0,0,0,0,0,2
FBgn0004855,CG3284,Polr2I,0,0,0,1,0,0,0,0,0,0,1
FBgn0004867,CG5920,RpS2,0,0,0,0,0,0,0,0,1,0,1
FBgn0004872,CG6122,piwi,1,1,1,1,1,1,1,0,1,0,8
FBgn0004915,CG5193,TfIIB,0,1,0,1,0,0,0,0,0,0,2
FBgn0004924,CG6146,Top1,0,0,0,0,1,1,1,0,0,0,3
FBgn0005411,CG9998,U2af50,0,0,0,1,0,0,0,0,0,0,1
FBgn0005648,CG2163,Pabp2,0,1,1,1,0,0,0,0,0,1,4
FBgn0005655,CG9193,PCNA,0,1,0,1,0,0,0,0,0,0,2
FBgn0005660,CG2914,Ets21C,0,0,0,1,0,0,0,0,0,0,1
FBgn0005672,CG10334,spi,0,0,0,0,0,0,1,0,0,0,1
FBgn0005683,CG5354,pie,0,1,1,1,0,0,0,0,0,0,3
FBgn0010113,CG15532,heca,0,0,0,1,0,0,0,0,0,0,1
FBgn0010238,CG12369,Lac,0,0,0,0,0,0,0,0,0,1,1
FBgn0010278,CG4817,Ssrp,0,1,0,1,0,0,0,0,0,0,2
FBgn0010295,CG10788,ng3,0,0,0,1,0,0,0,0,0,0,1
FBgn0010328,CG5965,woc,0,1,1,1,0,0,0,0,0,0,3
FBgn0010387,CG8627,Acbp2,1,1,1,1,0,0,0,0,0,0,4
FBgn0010398,CG6098,Lrr47,0,0,0,0,0,0,1,0,0,0,1
FBgn0010411,CG8900,RpS18,1,1,1,1,0,0,0,0,0,0,4
FBgn0010422,CG3710,TfIIS,0,0,0,0,1,1,1,0,0,0,3
FBgn0010497,CG5304,dmGlut,0,0,1,1,0,0,0,0,0,0,2
FBgn0010520,CG4539,Bka,0,1,1,1,0,0,0,0,0,0,3
FBgn0010590,CG8392,Prosbeta1,0,0,0,0,0,0,0,0,1,0,1
FBgn0010602,CG3018,lwr,0,0,0,0,0,0,0,0,1,0,1
FBgn0010660,CG3820,Nup214,0,0,0,0,1,1,1,0,0,0,3
FBgn0010750,CG2503,atms,0,1,0,0,0,0,0,0,0,0,1
FBgn0010774,CG1101,Ref1,1,1,1,1,0,0,0,0,0,0,4
FBgn0011217,CG7425,eff,0,1,1,1,0,0,0,0,1,0,4
FBgn0011272,CG4651,RpL13,0,0,0,0,0,0,0,0,1,0,1
FBgn0011361,CG9160,ND-ACP,0,1,0,1,0,0,0,0,0,0,2
FBgn0011554,CG12386,etaTry,0,0,0,0,0,0,0,1,0,0,1
FBgn0011573,CG12019,Cdc37,0,1,0,1,0,0,0,0,0,0,2
FBgn0011592,CG8581,fra,1,1,1,1,0,0,0,0,0,0,4
FBgn0011741,CG11678,Arp6,0,1,0,1,0,1,1,0,0,0,4
FBgn0011760,CG6998,ctp,0,0,0,0,0,0,1,0,0,0,1
FBgn0011762,CG7108,Prim1,0,1,0,0,0,0,0,0,0,0,1
FBgn0011785,CG31132,BRWD3,0,0,0,0,0,0,0,0,0,1,1
FBgn0011836,CG6711,Taf2,0,0,0,1,0,0,0,0,0,0,1
FBgn0013305,CG3798,Nmda1,0,1,0,1,0,0,0,0,0,0,2
FBgn0013325,CG7726,RpL11,0,0,0,0,0,0,0,0,0,1,1
FBgn0013343,CG31136,Syx1A,0,0,0,1,0,0,0,0,0,0,1
FBgn0013347,CG5163,TfIIA-S,1,1,1,1,0,0,0,0,0,0,4
FBgn0013756,CG8274,Mgtor,0,0,0,0,0,0,0,0,0,1,1
FBgn0014011,CG8556,Rac2,0,0,0,0,0,0,0,0,0,1,1
FBgn0014127,CG10726,barr,1,1,1,1,0,0,0,0,0,0,4
FBgn0014189,CG7269,Hel25E,0,0,0,0,0,0,0,0,1,0,1
FBgn0014340,CG3025,mof,0,1,0,1,0,0,0,0,0,0,2
FBgn0014366,CG2925,noi,0,0,0,1,0,0,0,0,0,0,1
FBgn0014849,CG7327,Eig71Ei,0,0,0,0,0,0,0,0,0,1,1
FBgn0014857,CG5825,His3.3A,0,0,0,0,1,1,1,0,0,0,3
FBgn0014931,CG2678,kipf,0,0,0,1,0,0,0,0,0,0,1
FBgn0015229,CG6575,glec,0,0,0,0,0,0,0,0,0,1,1
FBgn0015239,CG7199,Hr78,0,0,0,0,0,0,0,0,0,1,1
FBgn0015268,CG5330,Nap1,0,1,0,1,0,0,0,0,0,0,2
FBgn0015277,CG5373,Pi3K59F,0,1,0,1,0,0,0,0,0,0,2
FBgn0015279,CG4141,Pi3K92E,0,0,0,0,0,0,0,0,0,1,1
FBgn0015331,CG14637,abs,0,0,0,1,0,0,0,0,0,0,1
FBgn0015391,CG11397,glu,0,1,0,0,0,0,0,0,0,0,1
FBgn0015520,CG10328,nonA-l,0,0,0,0,0,0,0,1,0,0,1
FBgn0015614,CG11217,CanB2,0,0,0,0,0,0,0,0,0,1,1
FBgn0015621,CG3642,Clp,0,0,0,0,0,0,1,0,0,0,1
FBgn0015664,CG5838,Dref,0,0,0,0,0,0,0,1,0,0,1
FBgn0015778,CG9412,rin,0,0,0,1,0,0,0,0,0,0,1
FBgn0015834,CG8882,eIF3i,0,0,0,1,0,0,0,0,0,0,1
FBgn0015925,CG3730,csul,0,0,0,1,0,0,0,0,0,0,1
FBgn0015949,CG9854,hrg,0,0,0,1,0,0,0,0,0,0,1
FBgn0016034,CG11254,mael,1,1,1,1,1,1,1,1,0,0,8
FBgn0016041,CG12157,Tom40,1,1,1,1,0,0,0,0,0,0,4
FBgn0016687,CG4634,Nurf-38,1,1,1,1,0,0,0,0,0,0,4
FBgn0016691,CG4307,ATPsynO,0,0,0,0,0,0,0,0,1,0,1
FBgn0016794,CG1044,dos,0,0,0,1,0,0,0,0,0,0,1
FBgn0016917,CG4257,Stat92E,0,0,0,0,0,0,1,0,0,0,1
FBgn0016977,CG18497,spen,0,0,0,0,0,0,0,0,0,1,1
FBgn0017456,CG12799,Ubc84D,0,0,0,0,0,0,0,0,0,1,1
FBgn0017566,CG2286,ND-75,0,0,0,0,0,1,1,0,0,0,2
FBgn0017567,CG3944,ND-23,0,0,0,0,0,0,1,0,0,0,1
FBgn0019637,CG1433,Atu,0,0,0,0,1,1,1,0,0,0,3
FBgn0019686,CG10895,lok,0,0,0,0,0,0,0,0,0,1,1
FBgn0019932,CG5029,SamDC,0,0,0,0,0,0,0,0,0,1,1
FBgn0019957,CG6343,ND-42,0,0,0,0,0,0,1,0,0,0,1
FBgn0020255,CG1404,Ran,0,0,0,0,0,0,0,0,0,1,1
FBgn0020261,CG3291,pcm,0,0,0,1,1,1,1,0,0,0,4
FBgn0020407,CG6814,asun,0,0,0,0,0,0,0,0,0,1,1
FBgn0020496,CG7583,CtBP,0,1,1,1,0,0,0,0,0,0,3
FBgn0020621,CG2049,Pkn,0,1,0,0,0,0,0,0,0,0,1
FBgn0020912,CG1447,Ptx1,0,0,0,0,0,0,0,0,0,1,1
FBgn0021750,CG4938,SerRS-m,1,1,1,1,0,0,0,0,0,0,4
FBgn0021761,CG4579,Nup154,0,0,0,1,0,0,0,1,0,0,2
FBgn0021874,CG2863,Nle,0,1,0,1,0,0,0,0,0,0,2
FBgn0022213,CG13281,Cse1,0,0,1,1,0,0,0,0,0,0,2
FBgn0022288,CG12792,l(2)09851,0,0,0,1,0,0,0,0,0,0,1
FBgn0022359,CG4649,Sodh2,0,0,0,0,0,0,0,0,0,1,1
FBgn0022702,CG2054,Cht2,0,0,0,0,0,0,0,0,0,1,1
FBgn0022709,CG17146,Ak1,0,0,0,1,0,0,0,0,0,0,1
FBgn0022942,CG7035,Cbp80,0,1,1,1,0,0,0,0,0,0,3
FBgn0022943,CG12357,Cbp20,0,1,1,1,0,0,0,0,0,0,3
FBgn0023095,CG11282,caps,1,1,0,1,0,0,0,0,0,0,3
FBgn0023096,CG15148,btv,0,0,0,1,0,0,0,0,0,0,1
FBgn0023170,CG3997,RpL39,0,1,0,1,0,0,0,0,0,0,2
FBgn0023175,CG1519,Prosalpha7,0,0,0,1,0,0,0,0,0,0,1
FBgn0023177,CG32505,Pp4-19C,1,1,1,1,0,0,0,0,0,0,4
FBgn0023416,CG1506,Ac3,0,0,0,0,0,0,0,0,0,1,1
FBgn0023477,CG2827,Taldo,0,0,0,0,0,0,0,0,0,1,1
FBgn0023522,CG11596,CG11596,0,0,0,1,0,0,0,0,0,0,1
FBgn0023525,CG3191,CG3191,0,0,0,0,0,0,0,0,0,1,1
FBgn0024191,CG7238,sip1,0,0,0,1,0,0,0,0,0,0,1
FBgn0024222,CG4201,IKKbeta,0,0,0,0,0,0,0,0,0,1,1
FBgn0024285,CG4602,Srp54,0,0,0,0,0,0,0,0,1,0,1
FBgn0024698,CG10110,Cpsf160,0,1,0,0,0,0,0,0,0,1,2
FBgn0024921,CG7398,Tnpo,0,0,1,1,0,0,0,0,0,0,2
FBgn0024996,CG2677,eIF2Bbeta,1,1,1,1,0,0,0,0,0,0,4
FBgn0025455,CG6292,CycT,0,0,0,0,0,1,1,0,0,0,2
FBgn0025582,CG9677,eIF3e,0,0,0,1,0,0,0,0,0,0,1
FBgn0025637,CG16983,SkpA,0,0,0,1,0,0,0,0,0,0,1
FBgn0025681,CG3558,CG3558,0,0,0,0,0,0,0,0,0,1,1
FBgn0025716,CG6546,Bap55,0,1,1,1,0,0,0,0,0,0,3
FBgn0025741,CG11081,PlexA,0,0,0,0,0,0,0,0,0,1,1
FBgn0025807,CG3945,Rad9,0,1,0,1,0,0,0,0,0,0,2
FBgn0025825,CG2128,HDAC3,0,0,0,0,0,1,1,0,0,0,2
FBgn0026061,CG4123,Mipp1,0,0,0,0,0,0,0,1,0,0,1
FBgn0026263,CG7574,bip1,0,1,1,1,0,0,0,0,0,0,3
FBgn0026373,CG7885,Polr2C,0,1,0,0,0,0,0,0,0,0,1
FBgn0026380,CG11981,Prosbeta3,0,0,0,1,0,0,0,0,0,1,2
FBgn0026393,CG17853,Or43b,0,1,0,1,0,0,0,0,0,0,2
FBgn0026418,CG6603,Hsp110,0,0,0,1,0,0,0,0,0,0,1
FBgn0026575,CG32575,hang,1,1,1,1,0,0,0,0,0,0,4
FBgn0026576,CG5991,Pisd,0,0,0,0,0,0,0,0,0,1,1
FBgn0026679,CG12113,IntS4,0,0,0,0,0,0,1,0,0,0,1
FBgn0026713,CG32604,Prp16,0,0,0,1,0,0,0,0,0,0,1
FBgn0026737,CG6171,CG6171,0,0,0,1,0,0,0,0,0,0,1
FBgn0026756,CG11012,Ugt37A1,0,0,0,0,0,0,0,0,0,1,1
FBgn0027053,CG14884,CSN5,0,0,0,0,0,0,0,0,0,1,1
FBgn0027079,CG4062,ValRS,0,0,0,1,0,0,0,0,0,0,1
FBgn0027084,CG12141,LysRS,0,0,1,1,0,0,0,0,0,0,2
FBgn0027360,CG9878,Tim10,0,0,0,0,0,0,0,1,0,0,1
FBgn0027499,CG12340,wde,1,1,1,1,0,1,1,1,0,0,7
FBgn0027512,CG10254,CG10254,0,0,0,0,0,0,0,1,0,0,1
FBgn0027524,CG3909,CG3909,0,0,0,0,1,1,1,0,0,0,3
FBgn0027537,CG11092,Nup93-1,0,0,0,0,0,0,1,0,0,0,1
FBgn0027567,CG8108,Ciz1,0,0,0,1,0,0,0,0,0,0,1
FBgn0027579,CG5508,mino,1,1,1,1,0,0,0,0,0,1,5
FBgn0027619,CG12131,eIF3j,0,0,0,1,0,0,0,0,0,0,1
FBgn0027783,CG10212,SMC2,0,0,0,1,0,0,0,0,0,0,1
FBgn0027841,CG7697,CstF64,0,0,0,0,0,0,1,0,0,0,1
FBgn0027865,CG6120,Tsp96F,0,1,0,1,0,0,0,1,0,0,3
FBgn0027868,CG6743,Nup107,0,0,0,1,0,0,0,0,0,0,1
FBgn0027873,CG1957,Cpsf100,0,0,0,0,0,0,0,0,1,0,1
FBgn0027889,CG6386,ball,0,0,0,0,1,1,1,0,0,0,3
FBgn0028411,CG12752,Nxt1,0,1,0,1,1,1,1,1,0,0,6
FBgn0028422,CG18039,GluRIID,0,1,0,1,0,0,0,0,0,0,2
FBgn0028426,CG3298,RNaseZ,0,0,0,0,0,0,0,0,1,0,1
FBgn0028473,CG8801,Non1,0,0,0,1,0,0,0,0,0,0,1
FBgn0028490,CG31705,CG31705,0,0,0,1,0,0,0,0,0,0,1
FBgn0028494,CG6424,CG6424,0,0,0,0,0,0,0,1,0,0,1
FBgn0028504,CG12182,CG12182,0,0,0,0,0,0,0,0,0,1,1
FBgn0028530,CG18124,mTTF,0,0,0,1,0,0,0,0,0,0,1
FBgn0028541,CG7364,TM9SF4,0,0,0,0,0,0,0,0,0,1,1
FBgn0028560,CG1380,sut4,0,0,0,0,0,0,0,0,0,1,1
FBgn0028577,CG12085,hfp,0,0,0,1,0,0,0,0,0,0,1
FBgn0028675,CG5772,Sur,0,0,0,0,0,0,0,0,0,1,1
FBgn0028683,CG12372,spt4,0,1,1,1,0,0,0,0,0,0,3
FBgn0028684,CG10370,Rpt5,0,0,1,1,0,0,0,0,0,0,2
FBgn0028689,CG10149,Rpn6,0,0,0,0,0,0,0,0,1,0,1
FBgn0028690,CG1100,Rpn5,0,0,0,1,0,0,0,0,0,0,1
FBgn0028737,CG6341,eEF1beta,0,0,0,0,0,0,0,0,0,1,1
FBgn0028863,CG4587,stol,0,0,0,0,0,0,0,1,0,0,1
FBgn0028868,CG4701,CG4701,0,0,0,0,0,0,0,1,0,0,1
FBgn0028888,CG4168,CG4168,0,0,0,0,0,0,0,0,0,1,1
FBgn0028940,CG8864,Cyp28a5,0,0,0,0,0,0,0,1,0,0,1
FBgn0028982,CG12225,Spt6,0,1,1,1,0,0,0,1,0,0,4
FBgn0029094,CG9383,asf1,0,0,0,0,1,1,1,0,0,0,3
FBgn0029113,CG7528,Uba2,0,1,1,1,0,0,0,1,0,0,4
FBgn0029117,CG9943,Surf1,0,0,0,0,0,0,0,1,0,0,1
FBgn0029170,CG5812,TwdlT,0,0,0,0,0,0,0,0,0,1,1
FBgn0029512,CG12276,Aos1,0,1,1,1,0,0,0,1,0,0,4
FBgn0029521,CG17885,Or1a,0,0,0,0,0,0,0,0,0,1,1
FBgn0029525,CG18273,CG18273,0,1,0,0,0,0,0,0,0,0,1
FBgn0029800,CG15929,lin-52,0,0,0,0,0,0,0,1,0,0,1
FBgn0029820,CG16721,CG16721,0,1,1,1,0,0,0,0,0,0,3
FBgn0029867,CG3847,CG3847,1,1,1,1,0,0,0,0,0,0,4
FBgn0029941,CG1677,CG1677,1,1,1,1,0,0,0,0,0,0,4
FBgn0029958,CG12151,Pdp,0,1,1,1,0,0,0,0,0,0,3
FBgn0029999,CG1575,CG1575,0,0,0,1,0,0,0,0,0,0,1
FBgn0030007,CG2263,alpha-PheRS,0,0,0,1,0,0,0,0,0,0,1
FBgn0030054,CG12109,Caf1-180,0,1,0,0,0,0,0,0,0,0,1
FBgn0030121,CG17446,Cfp1,0,0,0,1,0,0,0,0,0,0,1
FBgn0030223,CG2111,CG2111,0,0,0,0,0,0,0,0,0,1,1
FBgn0030224,CG12637,CG12637,0,0,0,0,0,0,0,0,0,1,1
FBgn0030263,CG2076,CG2076,0,0,0,0,0,0,0,1,0,0,1
FBgn0030289,CG1597,GCS1,0,0,0,0,0,0,0,0,0,1,1
FBgn0030293,CG1737,CG1737,1,1,1,1,0,0,0,0,0,0,4
FBgn0030300,CG1747,Sk1,0,0,0,0,0,0,0,0,0,1,1
FBgn0030366,CG1490,Usp7,0,0,1,1,0,0,0,0,0,0,2
FBgn0030373,CG12721,moon,1,1,1,1,0,0,0,0,0,0,4
FBgn0030434,CG4400,Brms1,0,0,0,0,0,0,1,0,0,0,1
FBgn0030451,CG15717,CG15717,1,1,1,1,0,0,0,0,0,0,4
FBgn0030465,CG15743,CG15743,0,0,0,0,0,0,0,0,0,1,1
FBgn0030480,CG1660,Tim9a,0,0,0,0,0,0,1,0,0,0,1
FBgn0030500,CG9938,Ndc80,0,0,0,1,0,0,0,0,0,0,1
FBgn0030552,CG15871,mRpL38,0,0,0,0,0,0,1,0,0,0,1
FBgn0030559,CG13404,CG13404,0,0,0,0,0,0,0,0,0,1,1
FBgn0030562,CG9400,CG9400,0,0,0,0,0,0,0,0,0,1,1
FBgn0030572,CG14413,mRpS25,0,0,0,0,0,0,1,0,0,0,1
FBgn0030655,CG9213,CG9213,0,0,0,0,0,0,0,1,0,0,1
FBgn0030658,CG7872,CG7872,0,0,0,0,0,0,0,1,0,0,1
FBgn0030719,CG9177,eIF5,0,1,0,1,0,0,0,0,0,0,2
FBgn0030733,CG3560,UQCR-14,0,1,0,0,0,0,0,0,1,0,2
FBgn0030738,CG9915,CG9915,0,0,0,0,1,1,1,0,0,0,3
FBgn0030812,CG8949,wcy,0,0,0,0,1,1,1,0,0,0,3
FBgn0030858,CG8211,IntS2,0,0,0,0,1,1,1,0,0,0,3
FBgn0030973,CG7332,CG7332,0,1,0,0,0,0,0,0,0,0,1
FBgn0030996,CG14194,CG14194,0,0,0,0,0,0,0,0,0,1,1
FBgn0031047,CG14213,Rcd-1,0,0,0,0,0,1,1,0,0,0,2
FBgn0031048,CG12237,CG12237,0,0,0,1,0,0,0,0,0,0,1
FBgn0031057,CG14224,Ubqn,0,0,0,0,0,1,1,0,0,0,2
FBgn0031116,CG1695,CG1695,0,0,0,1,0,0,0,0,0,0,1
FBgn0031145,CG1740,Ntf-2,0,0,0,1,0,0,0,0,0,0,1
FBgn0031228,CG11455,ND-15,0,0,0,0,0,0,0,1,0,0,1
FBgn0031231,CG11488,mRpL10,0,0,0,0,0,0,1,0,0,0,1
FBgn0031266,CG2807,Sf3b1,0,0,0,1,0,0,0,0,0,0,1
FBgn0031296,CG4415,gNacalpha,1,1,1,1,0,0,0,0,0,0,4
FBgn0031298,CG4428,Atg4a,0,0,0,1,0,0,0,0,0,0,1
FBgn0031309,CG5041,Tfb4,0,0,0,1,0,0,0,0,0,0,1
FBgn0031357,CG17642,mRpL48,0,0,0,0,1,1,1,0,0,0,3
FBgn0031390,CG31671,tho2,0,1,1,1,0,0,0,0,0,0,3
FBgn0031398,CG10880,daed,1,1,1,1,0,0,0,0,0,1,5
FBgn0031455,CG9958,Snapin,0,0,1,1,0,0,0,0,0,0,2
FBgn0031479,CG3083,Prx6a,0,0,0,0,0,0,0,0,0,1,1
FBgn0031493,CG3605,Sf3b2,0,0,0,0,0,0,0,0,1,0,1
FBgn0031497,CG17259,SerRS,0,0,0,0,0,0,0,0,0,1,1
FBgn0031538,CG3246,CG3246,0,0,0,1,0,0,0,0,0,0,1
FBgn0031573,CG3407,CG3407,0,0,0,0,0,0,0,0,0,1,1
FBgn0031580,CG15423,CG15423,0,0,0,0,0,0,0,0,0,1,1
FBgn0031651,CG8849,mRpL24,0,0,0,0,0,0,1,0,0,0,1
FBgn0031657,CG3756,Polr1C,0,1,0,0,0,0,0,0,0,0,1
FBgn0031660,CG3782,mRpL28,0,0,0,0,0,1,1,0,0,0,2
FBgn0031668,CG31917,CG31917,0,0,0,1,0,0,0,0,0,0,1
FBgn0031677,CG14036,CG14036,0,0,0,1,0,0,0,0,0,0,1
FBgn0031740,CG7239,CG7239,0,0,0,0,0,0,0,0,0,1,1
FBgn0031759,CG9088,Kdm5,0,0,0,0,0,0,0,0,0,1,1
FBgn0031771,CG9140,ND-51,0,0,0,0,0,1,1,0,0,0,2
FBgn0031818,CG9536,CG9536,0,1,1,1,0,0,0,0,0,0,3
FBgn0031822,CG9548,Phf5a,0,1,0,1,0,0,0,0,0,0,2
FBgn0031979,CG7429,CCDC53,1,1,1,1,0,0,0,0,0,0,4
FBgn0032005,CG8282,Snx6,0,1,0,1,0,0,0,0,0,0,2
FBgn0032021,CG7781,CG7781,0,1,0,1,0,0,0,0,0,0,2
FBgn0032030,CG17293,Wdr82,1,1,1,1,0,0,1,0,0,0,5
FBgn0032130,CG3838,brwl,0,0,0,0,0,0,0,0,0,1,1
FBgn0032166,CG4619,CG4619,0,0,0,0,0,0,0,0,0,1,1
FBgn0032197,CG5694,ova,1,1,1,1,0,0,0,0,1,0,5
FBgn0032223,CG5034,GATAd,0,0,0,0,0,0,0,0,0,1,1
FBgn0032236,CG5108,mRpS7,0,0,0,0,0,0,1,0,0,0,1
FBgn0032242,CG5355,CG5355,0,0,0,0,0,0,0,1,0,0,1
FBgn0032250,CG5198,holn1,0,1,0,1,0,0,0,0,0,0,2
FBgn0032256,CG6187,RluA-2,0,0,0,0,0,0,0,0,0,1,1
FBgn0032261,CG6094,CG6094,0,1,0,1,0,0,0,0,0,0,2
FBgn0032321,CG4621,YL-1,0,0,1,1,0,1,1,0,0,0,4
FBgn0032346,CG6249,Csl4,0,0,0,1,0,0,0,0,1,0,2
FBgn0032475,CG16975,Sfmbt,0,0,0,0,0,0,0,0,0,1,1
FBgn0032512,CG9305,Bdp1,0,0,0,1,0,0,0,0,0,0,1
FBgn0032642,CG5110,Lamtor3,0,0,0,1,0,0,0,0,0,0,1
FBgn0032690,CG10333,CG10333,0,0,0,0,0,0,0,0,1,0,1
FBgn0032691,CG10414,Atac2,0,0,0,1,0,0,0,0,0,0,1
FBgn0032720,CG10603,mRpL13,0,0,0,1,0,1,1,0,0,0,3
FBgn0032783,CG10237,CG10237,0,0,0,0,0,0,0,1,0,0,1
FBgn0032789,CG13083,CG13083,0,0,0,0,0,0,0,0,0,1,1
FBgn0032819,CG10463,Dus3,0,0,0,0,0,0,1,0,0,0,1
FBgn0032845,CG10747,CG10747,0,0,0,0,0,0,0,0,0,1,1
FBgn0032849,CG10757,mRpS18B,0,0,0,0,0,1,1,0,0,0,2
FBgn0032884,CG9324,Pomp,0,0,0,0,0,0,0,0,1,0,1
FBgn0032899,CG9338,CG9338,0,0,0,1,0,0,0,0,0,0,1
FBgn0032919,CG9253,pths,0,0,0,0,0,0,0,0,1,0,1
FBgn0032923,CG9248,Pld3,0,0,0,0,0,0,1,0,0,0,1
FBgn0032956,CG1512,Cul2,0,0,0,1,0,0,0,0,0,0,1
FBgn0033033,CG11066,scaf,0,0,0,0,0,0,0,1,0,0,1
FBgn0033062,CG7843,Ars2,1,1,1,1,0,0,0,0,0,0,4
FBgn0033093,CG3270,CG3270,0,0,0,0,0,0,0,0,0,1,1
FBgn0033179,CG11139,p47,0,1,0,1,0,0,0,0,0,0,2
FBgn0033187,CG2144,PIG-G,0,0,0,0,0,0,0,1,0,0,1
FBgn0033195,CG1360,CG1360,0,0,0,0,0,0,0,0,0,1,1
FBgn0033210,CG1406,U2A,0,0,0,1,0,0,0,0,0,0,1
FBgn0033221,CG12825,CG12825,0,0,0,0,0,0,0,1,0,0,1
FBgn0033260,CG8711,Cul4,0,0,0,0,0,0,0,0,1,0,1
FBgn0033264,CG2158,Nup50,0,0,0,1,0,0,0,0,0,0,1
FBgn0033273,CG2183,Gasz,1,1,1,1,1,1,1,1,0,0,8
FBgn0033316,CG14749,Gle1,0,0,0,0,1,1,1,0,0,0,3
FBgn0033374,CG13741,Boot,1,1,1,1,0,0,0,0,0,0,4
FBgn0033378,CG8781,tsu,0,1,0,1,1,1,1,0,0,0,5
FBgn0033400,CG2063,CG2063,0,1,0,0,0,0,0,0,0,0,1
FBgn0033464,CG1441,CG1441,0,0,0,0,0,0,0,1,0,0,1
FBgn0033474,CG1407,CG1407,0,0,0,0,0,0,0,0,0,1,1
FBgn0033485,CG1381,RpLP0-like,0,0,0,0,0,0,0,0,0,1,1
FBgn0033526,CG12892,Caf1-105,1,1,1,1,1,1,1,0,0,0,7
FBgn0033556,CG12343,CG12343,0,0,0,0,0,0,0,0,0,1,1
FBgn0033659,CG18188,Damm,0,0,0,0,0,0,0,1,0,0,1
FBgn0033661,CG13185,CG13185,0,0,0,1,0,0,0,0,1,0,2
FBgn0033686,CG12367,Hen1,0,0,0,0,0,1,1,0,0,0,2
FBgn0033737,CG8831,Nup54,0,1,0,1,1,1,1,0,0,0,5
FBgn0033752,CG8569,CG8569,0,0,0,0,1,1,1,0,0,0,3
FBgn0033792,CG13325,CG13325,0,0,0,0,0,0,0,0,0,1,1
FBgn0033806,CG4616,FLASH,1,1,1,1,0,0,1,0,0,0,5
FBgn0033842,CG5970,cbc,0,0,0,1,0,0,0,0,1,0,2
FBgn0033845,CG17064,mars,0,0,0,0,0,0,0,0,0,1,1
FBgn0033897,CG8233,Rcd1,1,1,1,1,0,0,0,0,0,0,4
FBgn0033921,CG8589,tej,1,1,1,1,0,0,0,0,0,0,4
FBgn0033929,CG8151,Tfb1,0,1,0,1,0,0,0,0,0,0,2
FBgn0033984,CG10255,Lap1,0,0,0,0,0,0,0,0,0,1,1
FBgn0034029,CG8190,eIF2Bgamma,0,1,0,1,0,0,0,0,0,0,2
FBgn0034084,CG8435,CG8435,0,1,0,1,0,0,0,0,0,0,2
FBgn0034109,CG7747,CG7747,0,0,0,0,0,0,0,0,0,1,1
FBgn0034138,CG8332,RpS15,0,1,0,0,0,0,0,0,0,0,1
FBgn0034151,CG15617,CG15617,0,0,0,0,0,0,0,1,0,0,1
FBgn0034217,CG18468,Lhr,0,0,0,1,0,0,0,0,0,0,1
FBgn0034225,CG4827,veil,0,0,0,1,0,0,0,0,0,0,1
FBgn0034240,CG4903,MESR4,0,0,0,0,0,1,1,0,0,0,2
FBgn0034243,CG6501,Ns2,0,0,0,1,0,0,0,0,0,0,1
FBgn0034248,CG14483,CG14483,0,0,0,1,0,0,0,0,0,0,1
FBgn0034282,CG5784,Mapmodulin,0,0,0,1,0,0,0,0,0,0,1
FBgn0034310,CG5733,Nup75,0,0,0,0,0,0,0,0,0,1,1
FBgn0034313,CG5726,CG5726,0,0,0,1,0,0,0,0,0,0,1
FBgn0034457,CG15122,Ir56c,0,0,0,0,0,0,0,0,0,1,1
FBgn0034579,CG9353,mRpL54,0,0,0,0,0,0,1,0,0,0,1
FBgn0034617,CG9754,Panx,1,1,1,1,1,1,1,1,0,0,8
FBgn0034645,CG10320,ND-B12,0,0,0,0,0,1,1,0,0,0,2
FBgn0034649,CG9865,PIG-M,0,0,0,0,0,0,0,1,0,0,1
FBgn0034654,CG10306,eIF3k,0,0,0,1,0,0,0,0,0,0,1
FBgn0034661,CG4386,tpr,0,0,0,0,0,0,0,1,0,0,1
FBgn0034703,CG3045,CG3045,0,0,0,0,0,0,0,0,0,1,1
FBgn0034722,CG10955,Rtf1,0,1,1,1,0,0,0,0,0,0,3
FBgn0034742,CG4294,CG4294,0,0,0,0,0,1,1,0,0,0,2
FBgn0034744,CG4071,Vps20,0,1,0,1,0,0,0,0,0,0,2
FBgn0034797,CG12781,nahoda,0,0,0,0,0,0,0,0,0,1,1
FBgn0034861,CG9815,CG9815,0,0,0,0,0,0,0,1,0,0,1
FBgn0034893,CG5479,mRpL43,0,0,0,0,0,0,1,0,0,0,1
FBgn0034903,CG9850,sona,0,0,0,1,0,0,0,0,0,0,1
FBgn0034921,CG11183,DCP1,0,0,0,0,0,0,1,0,0,0,1
FBgn0034939,CG2980,thoc5,0,0,0,1,0,0,0,0,0,0,1
FBgn0034963,CG13567,Not11,0,0,0,1,0,0,0,0,0,0,1
FBgn0034968,CG3195,RpL12,0,1,0,1,0,0,0,0,0,0,2
FBgn0034970,CG4005,yki,0,0,0,0,0,0,0,1,0,0,1
FBgn0034982,CG4065,Naa35,0,0,0,0,0,0,0,1,0,0,1
FBgn0034988,CG3362,cN-IIIB,1,1,1,1,0,0,0,0,0,0,4
FBgn0035007,CG3492,CG3492,0,0,0,0,0,0,0,1,0,0,1
FBgn0035025,CG11416,uri,0,0,0,1,0,0,0,0,0,0,1
FBgn0035032,CG4692,ATPsynF,0,0,0,0,0,0,1,0,0,0,1
FBgn0035099,CG6845,CG6845,0,0,0,1,0,0,0,0,0,1,2
FBgn0035110,CG17143,thoc7,0,0,0,1,0,0,0,0,0,0,1
FBgn0035122,CG13880,mRpL17,0,0,0,0,0,0,1,0,0,0,1
FBgn0035154,CG3344,hiro,0,1,1,1,0,0,0,0,0,0,3
FBgn0035162,CG13900,Sf3b3,0,0,0,1,0,0,0,0,0,0,1
FBgn0035286,CG13924,CG13924,1,1,1,1,0,0,0,0,0,0,4
FBgn0035300,CG1139,acs,0,0,0,0,0,0,0,0,0,1,1
FBgn0035323,CG13807,CG13807,1,1,1,1,0,0,0,0,0,0,4
FBgn0035337,CG15877,CG15877,0,0,0,1,0,0,0,0,0,0,1
FBgn0035357,CG1244,MEP-1,1,1,1,1,1,1,1,0,0,0,7
FBgn0035397,CG11486,PAN3,0,0,0,1,0,0,0,0,0,0,1
FBgn0035407,CG14962,Asciz,0,1,1,1,0,0,0,0,0,0,3
FBgn0035534,CG15016,mRpS6,0,0,0,0,0,0,1,0,0,0,1
FBgn0035540,CG7452,Syx17,0,0,0,0,0,0,0,0,0,1,1
FBgn0035610,CG10626,Lkr,0,0,0,0,0,0,0,0,0,1,1
FBgn0035689,CG7376,CG7376,0,0,0,0,0,0,0,1,0,0,1
FBgn0035714,CG8549,Sbds,0,0,0,0,0,0,0,0,0,1,1
FBgn0035735,CG8640,Cpr65Ea,0,0,0,0,0,0,0,0,0,1,1
FBgn0035831,CG8038,Pop4,0,1,0,1,0,0,0,0,0,0,2
FBgn0035842,CG7504,Setx,1,1,1,1,1,1,1,0,0,0,7
FBgn0035849,CG7404,ERR,0,0,0,0,0,0,0,1,0,0,1
FBgn0035854,CG8005,Dhps,0,0,0,0,0,0,0,0,1,0,1
FBgn0035954,CG5093,Doc3,0,0,0,0,0,0,0,0,0,1,1
FBgn0036053,CG6718,iPLA2-VIA,0,0,0,0,0,0,0,1,0,0,1
FBgn0036117,CG6321,CG6321,0,1,1,1,0,0,0,0,0,0,3
FBgn0036121,CG6310,CG6310,0,0,0,0,0,0,0,1,0,0,1
FBgn0036135,CG7636,mRpL2,0,0,0,0,0,0,1,0,0,0,1
FBgn0036147,CG6199,Plod,1,1,1,1,0,0,0,0,0,0,4
FBgn0036178,CG14137,CG14137,0,0,0,0,0,0,0,0,0,1,1
FBgn0036184,CG7351,PCID2,0,0,0,1,0,0,0,0,0,0,1
FBgn0036187,CG11660,RIOK1,0,1,0,0,0,0,0,0,0,0,1
FBgn0036188,CG7339,Polr3H,0,1,1,1,0,0,0,0,0,0,3
FBgn0036239,CG5684,Pop2,0,1,0,1,0,0,0,0,0,0,2
FBgn0036240,CG6928,CG6928,0,0,0,0,0,0,1,0,0,0,1
FBgn0036258,CG5642,eIF3l,0,0,0,1,0,0,0,0,0,0,1
FBgn0036274,CG4328,CG4328,0,0,0,0,0,0,0,0,0,1,1
FBgn0036305,CG10984,CG10984,0,0,0,0,0,0,0,0,0,1,1
FBgn0036314,CG10754,Sf3a2,0,1,0,1,0,0,0,0,0,0,2
FBgn0036335,CG11258,mRpL20,0,0,0,0,0,0,1,0,0,0,1
FBgn0036336,CG11268,Icmt,0,0,0,1,0,0,0,0,0,0,1
FBgn0036373,CG10741,Tgi,1,1,1,1,0,0,0,0,0,0,4
FBgn0036462,CG17166,mRpL39,0,0,0,0,0,0,1,0,0,0,1
FBgn0036481,CG16959,CG16959,0,0,0,0,0,0,0,0,0,1,1
FBgn0036570,CG5222,IntS9,0,0,0,0,0,1,1,0,0,0,2
FBgn0036574,CG16838,elg1,0,0,0,0,0,0,1,0,0,0,1
FBgn0036581,CG5057,MED10,0,1,1,1,0,0,0,0,0,0,3
FBgn0036589,CG13067,CG13067,0,1,0,0,0,0,0,0,0,0,1
FBgn0036612,CG4998,CG4998,0,0,0,1,0,0,0,0,0,0,1
FBgn0036617,CG4818,Cpr72Ea,0,0,0,0,0,0,0,0,0,1,1
FBgn0036640,CG4118,nxf2,1,1,1,1,0,0,0,1,0,0,5
FBgn0036666,CG9712,TSG101,0,0,0,0,0,0,1,0,0,0,1
FBgn0036686,CG7728,CG7728,0,0,0,1,0,0,0,0,0,0,1
FBgn0036710,CG6479,CG6479,0,0,0,0,1,1,1,0,0,0,3
FBgn0036733,CG6322,U4-U6-60K,0,1,0,1,0,0,0,0,0,0,2
FBgn0036752,CG5992,Adgf-A,0,0,0,0,0,1,1,0,0,0,2
FBgn0036763,CG7441,TrpRS-m,0,0,0,1,0,0,0,0,0,0,1
FBgn0036784,CG5103,CG5103,0,0,0,0,0,0,0,0,0,1,1
FBgn0036812,CG4076,Nufip,0,0,0,1,0,0,0,0,0,0,1
FBgn0036815,CG6874,HipHop,0,0,0,1,0,0,0,0,0,0,1
FBgn0036826,CG3893,arx,1,1,1,1,1,1,1,1,0,0,8
FBgn0036828,CG6841,Prp6,0,1,0,1,0,0,0,0,0,0,2
FBgn0036853,CG9730,mRpL21,0,0,0,0,0,1,1,0,0,0,2
FBgn0036973,CG5585,Rbbp5,1,1,1,1,0,0,0,0,0,0,4
FBgn0037001,CG6020,ND-39,0,0,0,0,0,1,1,0,0,0,2
FBgn0037008,CG5047,mTerf3,0,0,0,0,0,0,1,0,0,0,1
FBgn0037051,CG10565,CG10565,0,1,1,1,0,0,0,0,0,0,3
FBgn0037078,CG12971,CG12971,0,0,0,1,0,0,0,0,0,0,1
FBgn0037102,CG7172,CRIF,0,0,0,0,0,0,1,0,0,0,1
FBgn0037106,CG11307,CG11307,0,0,0,1,0,0,0,0,0,0,1
FBgn0037108,CG11306,Alg11,0,0,0,0,0,0,0,1,0,0,1
FBgn0037121,CG11246,Polr2H,0,0,0,1,0,0,0,0,0,0,1
FBgn0037138,CG7145,P5CDh1,0,1,0,1,0,0,0,0,0,0,2
FBgn0037205,CG11133,BoYb,1,1,1,1,0,0,0,0,0,0,4
FBgn0037232,CG9791,Suv3,0,1,0,0,0,0,0,0,0,0,1
FBgn0037249,CG9805,eIF3a,0,0,0,1,0,0,0,0,0,0,1
FBgn0037263,CG18271,slx1,0,0,0,0,0,0,0,0,0,1,1
FBgn0037342,CG2931,CG2931,0,0,0,0,0,0,1,0,0,0,1
FBgn0037347,CG1427,SecS,0,0,0,0,0,0,0,0,0,1,1
FBgn0037371,CG2097,Sym,0,0,0,0,0,1,1,0,0,0,2
FBgn0037378,CG2046,PSMG1,0,0,0,0,0,0,0,0,0,1,1
FBgn0037384,CG10981,dgrn,0,0,0,0,0,0,0,0,0,1,1
FBgn0037446,CG10267,Zif,1,1,1,1,0,0,0,0,0,0,4
FBgn0037466,CG1965,CG1965,0,1,0,0,0,0,0,0,0,0,1
FBgn0037550,CG9667,CG9667,0,1,0,0,0,0,0,0,0,0,1
FBgn0037561,CG9630,CG9630,0,0,0,0,0,0,0,0,1,0,1
FBgn0037621,CG9797,M1BP,0,0,0,0,0,0,0,0,0,1,1
FBgn0037686,CG9354,RpL34b,0,0,1,1,0,0,0,0,0,0,2
FBgn0037707,CG16788,RnpS1,1,1,0,1,1,1,1,1,0,0,7
FBgn0037712,CG16789,CG16789,0,0,0,0,0,0,1,0,0,0,1
FBgn0037741,CG16908,Tti1,0,0,0,1,0,0,0,0,0,0,1
FBgn0037755,CG12945,CG12945,0,0,0,1,0,0,0,0,0,0,1
FBgn0037769,-,CG12419,0,0,0,0,0,0,0,0,0,1,1
FBgn0037834,CG6554,Art1,0,0,0,0,0,0,0,0,0,1,1
FBgn0037855,CG6621,CG6621,0,0,0,0,0,0,0,1,0,0,1
FBgn0037878,CG6693,CG6693,0,0,0,0,0,0,0,0,0,1,1
FBgn0037883,CG14701,Dph3,0,0,0,0,0,0,0,0,0,1,1
FBgn0037892,CG5242,mRpL40,0,0,0,1,0,0,0,0,0,0,1
FBgn0037899,CG6764,RpL24-like,0,0,0,1,0,0,0,0,0,0,1
FBgn0037912,CG6782,sea,0,0,0,0,0,0,0,0,0,1,1
FBgn0037958,CG6962,CG6962,0,0,0,0,0,0,0,1,0,0,1
FBgn0038016,CG10042,MBD-R2,0,1,0,1,0,0,0,1,0,0,3
FBgn0038043,CG17202,CG17202,0,0,0,1,0,0,0,0,0,0,1
FBgn0038145,CG8863,Droj2,0,0,0,0,0,1,1,0,0,0,2
FBgn0038168,CG9591,omd,0,0,0,0,0,1,1,0,0,0,2
FBgn0038211,CG9649,CG9649,0,0,0,0,0,0,0,0,0,1,1
FBgn0038224,CG3321,ATPsynE,0,0,0,0,0,0,0,1,0,0,1
FBgn0038234,CG3351,mRpL11,0,0,0,0,0,1,1,0,0,0,2
FBgn0038243,CG8066,CG8066,0,0,0,1,0,0,0,0,0,0,1
FBgn0038269,CG7292,Rrp6,0,0,0,0,0,0,0,0,1,0,1
FBgn0038307,CG4247,mRpS10,0,0,0,0,0,0,1,0,0,0,1
FBgn0038388,CG4287,CG4287,0,0,0,0,0,0,0,0,0,1,1
FBgn0038426,CG10406,mRpS33,0,0,0,0,0,1,1,0,0,0,2
FBgn0038439,CG14900,Cad89D,0,0,0,0,0,0,0,0,0,1,1
FBgn0038473,CG3983,Ns1,0,0,0,1,0,0,0,0,0,0,1
FBgn0038515,CG5823,CG5823,0,1,0,1,0,0,0,0,0,0,2
FBgn0038546,CG7379,CG7379,0,1,1,1,0,0,1,0,0,0,4
FBgn0038550,CG17801,CG17801,0,0,0,1,0,0,0,0,0,0,1
FBgn0038578,CG7957,MED17,0,0,0,1,0,0,0,0,0,0,1
FBgn0038583,CG7183,CG7183,0,1,0,0,0,0,0,0,0,0,1
FBgn0038597,CG8064,CG8064,0,0,0,0,0,0,0,0,1,0,1
FBgn0038609,CG7671,Nup43,0,0,0,0,0,0,0,1,0,0,1
FBgn0038678,CG14283,mRpL55,0,0,0,0,0,1,1,0,0,0,2
FBgn0038690,CG11703,CG11703,0,0,0,0,0,0,0,0,0,1,1
FBgn0038722,CG7360,Nup58,0,0,0,0,1,1,1,0,0,0,3
FBgn0038739,CG4686,CG4686,0,0,0,0,0,0,0,1,0,0,1
FBgn0038746,CG4510,Surf6,0,0,1,1,0,0,0,0,0,0,2
FBgn0038768,CG4936,idc,0,0,1,1,0,0,1,0,0,0,3
FBgn0038805,CG4217,TFAM,0,1,0,0,0,0,0,0,0,0,1
FBgn0038834,CG15697,RpS30,0,0,0,1,0,0,0,0,0,0,1
FBgn0038842,CG5630,hdly,0,0,0,1,0,0,0,0,0,0,1
FBgn0038855,CG5745,Tbc1d22,0,0,0,0,0,0,0,0,0,1,1
FBgn0038890,CG7956,sp3,0,0,0,1,0,0,0,0,0,0,1
FBgn0038923,CG13410,mRpL35,0,0,1,1,0,0,1,0,0,0,3
FBgn0038925,CG6022,Cchl,0,0,0,0,0,0,0,1,0,0,1
FBgn0038964,CG13849,Nop56,0,1,1,1,0,0,0,0,0,0,3
FBgn0039080,CG17382,Ir94h,0,0,0,0,0,0,0,0,0,1,1
FBgn0039129,CG5338,RpS19b,0,1,1,1,0,0,0,0,0,0,3
FBgn0039150,CG13605,CG13605,0,0,0,0,0,0,0,0,0,1,1
FBgn0039159,CG13608,mRpS24,0,0,0,1,0,0,0,0,0,0,1
FBgn0039175,CG5706,beta-PheRS,0,0,0,1,0,0,0,0,0,0,1
FBgn0039183,CG6413,Dis3,0,1,1,1,0,0,0,0,0,0,3
FBgn0039187,CG6454,CG6454,0,1,0,1,0,0,0,0,0,0,2
FBgn0039204,CG6607,CG6607,0,0,0,1,0,0,0,0,0,0,1
FBgn0039254,CG13645,Nmnat,1,1,1,1,0,0,0,0,0,0,4
FBgn0039269,CG7662,veli,0,0,0,0,0,1,1,0,0,0,2
FBgn0039270,CG11820,PQBP1,0,0,0,0,0,0,0,0,0,1,1
FBgn0039271,CG11839,CG11839,0,0,0,1,0,0,0,0,0,1,2
FBgn0039294,CG13664,Cad96Cb,0,0,0,0,0,0,0,0,0,1,1
FBgn0039302,CG11856,Nup358,0,0,0,0,0,0,0,0,0,1,1
FBgn0039310,CG11878,CG11878,0,1,1,1,0,0,0,0,0,0,3
FBgn0039324,CG10553,CG10553,0,0,0,0,0,0,0,0,0,1,1
FBgn0039338,CG4548,XNP,0,0,0,0,0,0,0,0,0,1,1
FBgn0039349,CG4685,Ssadh,0,0,0,0,0,0,0,0,0,1,1
FBgn0039430,CG5455,CG5455,0,0,0,0,0,0,1,0,0,0,1
FBgn0039459,CG5491,IntS12,0,0,0,0,0,1,1,0,0,0,2
FBgn0039488,CG6066,CG6066,0,0,0,1,0,0,0,0,0,0,1
FBgn0039555,CG12261,mRpS22,0,0,0,0,0,0,1,0,0,0,1
FBgn0039626,CG1420,Slu7,0,1,0,1,0,0,0,0,0,0,2
FBgn0039627,CG11837,CG11837,0,0,0,0,0,0,0,0,0,1,1
FBgn0039654,CG14514,Brd8,0,0,0,0,1,1,1,0,0,0,3
FBgn0039691,CG1972,IntS11,1,1,1,1,0,0,0,0,0,0,4
FBgn0039710,CG18041,dgt1,0,1,0,1,0,0,0,0,1,0,3
FBgn0039743,CG7946,Jasper,0,0,0,1,0,0,0,0,0,0,1
FBgn0039796,CG12069,CG12069,0,0,0,0,0,0,0,1,0,0,1
FBgn0039807,CG15546,CG15546,0,1,0,0,0,0,0,0,0,0,1
FBgn0039859,CG11539,Mnat9,0,1,0,0,0,0,0,0,0,0,1
FBgn0039886,CG2003,CG2003,0,0,0,1,0,0,0,0,0,0,1
FBgn0040066,CG17437,wds,0,0,0,0,0,0,0,0,1,0,1
FBgn0040233,CG33694,cana,0,0,0,1,0,0,0,0,0,0,1
FBgn0040234,CG12149,c12.2,0,1,0,1,0,0,0,0,0,0,2
FBgn0040322,CG4144,GNBP2,0,0,0,0,0,0,0,0,0,1,1
FBgn0040339,CG3034,MED22,0,0,0,1,0,0,0,0,0,0,1
FBgn0040477,CG13329,cid,0,0,0,0,0,0,1,0,0,0,1
FBgn0040512,CG3948,zetaCOP,0,0,0,1,0,0,0,0,0,0,1
FBgn0040575,CG15922,CG15922,0,0,0,1,0,0,0,0,0,0,1
FBgn0040732,CG16926,CG16926,0,0,0,0,0,0,0,1,0,0,1
FBgn0040777,CG14767,CG14767,0,0,0,0,0,0,0,0,0,1,1
FBgn0040801,CG13053,CG13053,0,0,0,0,0,0,0,0,0,1,1
FBgn0041150,CG12787,hoe1,0,0,0,1,0,0,0,0,0,0,1
FBgn0041164,CG11513,armi,1,1,1,1,1,1,1,1,0,0,8
FBgn0042111,CG18766,CG18766,0,0,0,0,0,0,0,0,0,1,1
FBgn0042112,CG18767,mRpL36,0,0,0,0,1,1,1,0,0,0,3
FBgn0042205,CG18764,CG18764,0,1,0,1,0,0,0,0,0,0,2
FBgn0043456,CG4747,Ndf,0,0,0,0,0,0,0,1,0,0,1
FBgn0043884,CG33106,mask,0,0,0,0,0,0,0,1,0,0,1
FBgn0044020,CG8998,Roc2,0,1,0,0,0,0,0,0,0,0,1
FBgn0044324,CG10712,Chro,0,1,0,1,0,0,0,0,0,0,2
FBgn0045761,CG10618,CHKov1,0,0,0,0,0,0,0,0,0,1,1
FBgn0046113,CG4226,GluRIIC,0,1,0,1,0,0,0,0,0,0,2
FBgn0046687,CG3171,Tre1,0,0,0,1,0,0,0,0,0,0,1
FBgn0047178,CG32147,CG32147,0,0,0,0,0,0,0,0,0,1,1
FBgn0050015,CG30015,CG30015,0,0,0,0,0,0,1,0,0,0,1
FBgn0050076,CG30076,CG30076,0,0,0,1,0,0,0,0,0,0,1
FBgn0050156,CG30156,CG30156,0,0,0,1,0,0,0,0,0,0,1
FBgn0050476,CG30476,ave,0,0,0,1,0,0,0,0,0,0,1
FBgn0051097,CG31097,CG31097,0,0,0,0,0,0,0,1,0,0,1
FBgn0051288,CG31288,CG31288,0,0,0,0,0,0,0,1,0,0,1
FBgn0051300,CG31300,CG31300,0,0,0,0,0,0,0,0,0,1,1
FBgn0051365,CG31365,CG31365,0,0,0,0,0,0,0,0,0,1,1
FBgn0051368,CG31368,salsa,0,0,0,1,0,0,0,0,0,0,1
FBgn0051450,CG31450,mRpS18A,0,0,0,0,0,0,1,0,0,0,1
FBgn0051496,CG31496,CG31496,0,0,0,0,0,0,0,0,0,1,1
FBgn0051510,CG31510,CG31510,0,1,1,1,0,0,0,0,0,0,3
FBgn0051522,CG31522,CG31522,0,0,0,1,0,0,0,0,0,0,1
FBgn0051852,CG31852,Tap42,0,0,1,1,0,0,0,0,0,0,2
FBgn0051855,CG31855,CG31855,0,0,0,1,0,0,0,0,0,0,1
FBgn0051871,CG31871,CG31871,0,0,0,0,0,0,0,1,0,0,1
FBgn0051957,CG31957,CG31957,0,0,0,1,0,0,0,0,0,0,1
FBgn0051992,CG31992,gw,0,0,0,1,1,1,1,0,0,0,4
FBgn0052039,CG32039,Svip,0,1,0,1,0,0,0,0,0,0,2
FBgn0052152,CG32152,CG32152,0,0,0,1,0,0,0,0,0,0,1
FBgn0052232,CG32232,t-Grip128,0,0,0,0,0,0,0,0,0,1,1
FBgn0052554,CG32554,CG32554,0,0,0,1,0,0,0,0,0,0,1
FBgn0052707,CG32707,APC4,0,0,0,0,0,0,1,0,0,0,1
FBgn0052708,CG32708,CG32708,0,0,0,1,0,0,0,0,0,0,1
FBgn0053017,CG33017,CG33017,0,0,0,0,0,0,0,0,0,1,1
FBgn0053169,CG33169,CG33169,0,0,0,1,0,0,0,0,0,0,1
FBgn0053213,CG33213,Boh1,0,0,0,0,0,0,0,1,0,0,1
FBgn0053217,CG33217,CG33217,0,1,0,1,0,0,0,0,0,0,2
FBgn0053302,CG33302,Cpr31A,0,0,0,0,0,0,0,0,0,1,1
FBgn0053526,CG33526,PNUTS,0,0,0,0,0,0,0,1,0,0,1
FBgn0053547,CG33547,Rim,0,0,0,0,0,0,0,0,0,1,1
FBgn0053554,CG33554,Nipped-A,0,1,0,1,0,0,0,0,0,0,2
FBgn0063670,CG40228,CG40228,0,0,0,0,1,1,1,0,0,0,3
FBgn0083228,CG5907,Frq2,0,0,0,0,0,0,0,0,0,1,1
FBgn0083949,CG34113,side-III,0,0,0,0,0,0,0,0,0,1,1
FBgn0085243,CG34214,CG34214,0,0,0,0,0,0,0,1,0,0,1
FBgn0085421,CG34392,Epac,0,0,0,0,0,0,0,1,0,0,1
FBgn0085477,CG34448,CG34448,0,0,0,0,0,0,0,0,0,1,1
FBgn0085489,CG34460,CG34460,0,0,0,0,0,0,0,0,0,1,1
FBgn0086251,CG9252,del,1,1,1,1,0,0,0,0,0,0,4
FBgn0086372,CG2520,lap,0,0,0,0,0,0,0,1,0,0,1
FBgn0086444,CG10689,l(2)37Cb,0,0,0,0,0,0,0,0,1,0,1
FBgn0086451,CG10805,Heatr1,0,0,0,1,0,0,0,0,0,0,1
FBgn0086680,CG10037,vvl,0,1,0,1,0,0,0,0,0,0,2
FBgn0086710,CG10652,RpL30,0,0,0,0,0,0,0,0,1,0,1
FBgn0086785,CG10711,Vps36,0,0,0,0,0,0,1,0,0,0,1
FBgn0086908,CG12196,egg,0,0,0,0,1,1,1,0,0,0,3
FBgn0087013,CG1059,Karybeta3,0,0,0,0,0,0,1,1,0,0,2
FBgn0250755,CG42233,CG42233,0,0,0,1,0,0,0,0,0,0,1
FBgn0250843,CG4904,Prosalpha6,0,0,0,0,0,0,0,0,1,0,1
FBgn0259113,CG6349,PolA1,0,1,0,0,0,0,0,0,0,0,1
FBgn0259150,CG42265,OtopLc,0,0,1,1,0,0,0,0,0,0,2
FBgn0259216,CG42316,RhoGAP102A,0,0,0,1,0,0,0,0,0,0,1
FBgn0259482,CG4946,Mob3,0,1,0,1,0,0,0,0,0,0,2
FBgn0259876,CG34438,Cap-G,0,1,0,1,0,0,0,0,0,0,2
FBgn0259878,CG33466,Fs,0,0,0,0,0,0,0,0,0,1,1
FBgn0259937,CG3333,Nop60B,0,1,0,0,0,0,0,0,0,0,1
FBgn0260006,CG33968,drd,0,0,0,0,0,0,0,0,0,1,1
FBgn0260393,CG17147,CG17147,0,1,0,1,0,0,0,0,0,0,2
FBgn0260397,CG17149,Su(var)3-3,0,1,1,1,0,0,0,0,0,0,3
FBgn0260407,CG31842,mRpS23,0,0,0,0,0,0,1,0,0,0,1
FBgn0260468,CG7950,CG7950,0,0,0,0,1,1,1,0,0,0,3
FBgn0260634,CG10192,eIF4G2,0,1,0,1,0,0,0,1,0,0,3
FBgn0260635,CG12284,Diap1,0,0,0,0,0,0,0,0,1,0,1
FBgn0260794,CG42574,ctrip,0,0,0,1,0,0,0,0,0,0,1
FBgn0260932,CG13190,cuff,1,1,1,1,0,0,0,0,0,0,4
FBgn0260965,CG42588,CG42588,0,1,1,1,0,0,0,0,0,0,3
FBgn0260990,CG1973,yata,0,0,0,1,0,0,0,0,0,0,1
FBgn0260991,CG12165,Incenp,0,0,0,0,0,0,0,0,1,0,1
FBgn0261016,CG42600,clos,0,0,0,0,0,0,0,1,0,0,1
FBgn0261109,CG7764,mrn,0,1,0,0,0,0,0,0,0,0,1
FBgn0261266,CG12314,zuc,1,1,1,1,1,1,1,1,0,0,8
FBgn0261270,CG8553,Sps1,0,0,0,0,0,0,1,0,0,0,1
FBgn0261380,CG42632,mRpL37,0,0,0,0,0,0,1,0,0,0,1
FBgn0261396,CG42641,Rpn3,0,0,0,1,0,0,0,0,0,0,1
FBgn0261573,CG42687,CoRest,0,0,0,1,0,0,0,0,0,0,1
FBgn0261592,CG10944,RpS6,0,1,0,1,0,0,0,0,0,0,2
FBgn0261596,CG3751,RpS24,0,0,0,1,0,0,0,0,0,0,1
FBgn0261597,CG10305,RpS26,0,1,0,1,0,0,0,0,0,0,2
FBgn0261609,CG9946,eIF2alpha,0,0,0,1,0,0,0,0,0,0,1
FBgn0261612,CG42701,CngA,0,0,0,1,0,0,0,0,0,0,1
FBgn0261617,CG15319,nej,0,0,1,1,0,0,0,0,0,0,2
FBgn0261618,CG42551,larp,0,0,0,0,0,0,0,0,0,1,1
FBgn0261786,CG5360,mi,0,0,0,0,0,0,0,0,0,1,1
FBgn0261789,CG1249,SmD2,0,0,0,0,0,0,0,0,1,0,1
FBgn0261791,CG9742,SNRPG,0,1,0,0,0,0,0,0,0,0,1
FBgn0261933,CG10753,SmD1,0,1,0,1,0,0,0,0,0,0,2
FBgn0261963,CG6634,mid,0,0,0,0,0,0,0,1,0,0,1
FBgn0262467,CG8885,Scox,0,0,0,0,0,0,1,0,0,0,1
FBgn0262473,CG5490,Tl,0,0,0,1,0,0,0,0,0,0,1
FBgn0262515,CG8029,VhaAC45,0,0,0,0,0,0,0,0,1,0,1
FBgn0262519,CG8103,Mi-2,0,0,0,0,0,0,0,1,0,0,1
FBgn0262601,CG5352,SmB,0,0,0,0,0,0,0,0,1,0,1
FBgn0262647,CG4738,Nup160,0,1,0,0,0,0,0,0,0,0,1
FBgn0262656,CG10798,Myc,0,0,0,1,0,0,0,0,0,0,1
FBgn0262699,CG3000,fzr,0,0,0,0,0,0,1,0,0,0,1
FBgn0262728,CG5472,Pal2,0,0,0,0,0,0,0,0,0,1,1
FBgn0262734,CG4429,eIF4H1,0,0,1,1,0,0,0,0,0,0,2
FBgn0262801,CG2358,twr,0,1,0,1,0,0,0,0,0,0,2
FBgn0262869,CG43224,Gfrl,0,1,0,1,0,0,0,0,0,0,2
FBgn0262955,CG3180,Polr2B,0,0,0,0,0,0,0,0,1,0,1
FBgn0263143,CG4771,vret,1,1,1,1,1,1,1,1,0,0,8
FBgn0263198,CG10473,Acn,1,1,1,1,1,1,1,0,0,0,7
FBgn0263232,CG32135,Nxf3,1,1,1,1,0,0,0,0,0,0,4
FBgn0263351,CG7057,AP-2mu,0,0,0,0,0,0,1,0,0,0,1
FBgn0263391,CG43443,hts,0,1,0,1,0,0,0,0,0,0,2
FBgn0263603,CG5215,Zn72D,0,1,0,1,0,0,0,0,0,0,2
FBgn0263705,CG43657,Myo10A,0,0,0,0,0,0,0,0,0,1,1
FBgn0263740,CG43665,eIF2gamma,0,1,1,1,0,0,0,0,0,0,3
FBgn0263776,CG43693,-,0,0,0,0,0,0,0,0,0,1,1
FBgn0263832,CG1135,Rcd5,1,1,1,1,0,0,0,1,0,0,5
FBgn0263863,CG6949,mRpL45,0,0,0,0,0,0,1,0,0,0,1
FBgn0263933,CG4063,ebi,0,0,0,0,0,1,1,0,0,0,2
FBgn0263974,CG43726,qin,0,1,1,1,0,0,0,0,0,0,3
FBgn0263979,CG4236,Caf1-55,0,0,0,1,0,0,0,0,0,0,1
FBgn0264006,CG43749,dysc,0,0,0,1,0,0,0,0,0,0,1
FBgn0264291,CG12265,Det,0,1,0,0,0,0,0,0,0,0,1
FBgn0264324,CG31048,spg,0,0,0,1,0,0,0,0,0,0,1
FBgn0264326,CG6768,PolE1,0,0,0,0,1,1,1,0,0,0,3
FBgn0264495,CG42803,gpp,0,0,0,1,0,0,0,0,0,0,1
FBgn0264922,CG4494,Sumo,0,0,0,0,0,0,0,0,1,0,1
FBgn0264962,CG10228,Pcf11,1,1,1,1,0,0,0,0,0,0,4
FBgn0265194,CG44240,Trpm,0,0,0,0,0,0,1,0,0,0,1
FBgn0265276,CG6930,l(3)neo38,0,0,0,0,1,1,1,0,0,0,3
FBgn0265523,CG4013,Smr,0,0,0,1,0,0,0,0,0,0,1
FBgn0265974,CG10117,ttv,0,0,0,0,0,0,0,0,0,1,1
FBgn0265998,CG42320,Doa,0,0,0,1,0,0,0,0,0,0,1
FBgn0266053,CG5208,Patr-1,0,0,0,0,1,1,1,0,0,0,3
FBgn0266284,CG14788,Ns3,0,0,0,1,0,0,0,0,0,0,1
FBgn0266465,CG5169,GckIII,0,0,0,1,0,0,0,0,0,0,1
FBgn0266916,CG31258,Cenp-C,0,1,0,0,0,0,0,0,0,0,1
FBgn0267347,CG4711,squ,1,1,1,1,0,0,0,0,0,0,4
FBgn0283442,CG46283,vas,1,1,1,1,0,0,0,0,0,0,4
FBgn0283469,CG6842,Vps4,1,1,1,1,0,0,0,0,1,0,5
FBgn0283494,CG3140,Ak2,0,1,1,1,0,0,0,0,0,0,3
FBgn0283652,CG11606,Rpp30,0,0,0,0,0,0,0,0,1,0,1
FBgn0283681,CG4933,Tcs3,0,0,0,1,0,0,0,0,0,0,1
FBgn0284245,CG8280,eEF1alpha1,0,0,0,1,0,0,0,0,0,0,1
FBgn0284246,CG7845,l(2)k09848,0,1,1,1,0,0,0,0,0,0,3
FBgn0284442,CG4206,Mcm3,0,0,0,1,0,0,0,0,0,0,1
FBgn0285950,CG2746,RpL19,0,0,0,0,0,0,0,0,1,0,1
FBgn0285951,CG42648,mRpS34,0,0,0,0,0,0,1,0,0,0,1
FBgn0286516,CG9821,aqz,0,0,0,0,1,1,1,0,0,0,3
FBgn0286784,CG2331,TER94,0,0,0,1,0,0,0,0,0,0,1
FBgn0286813,CG8174,SRPK,0,0,0,0,0,0,1,0,0,0,1
FBgn0286828,CG7705,dind,0,0,0,0,0,0,0,0,0,1,1
FBgn0286898,CG11098,Tango1,0,0,0,1,0,0,0,0,0,0,1
FBgn0287225,CG6815,bor,0,0,0,1,0,0,0,0,0,0,1
FBgn0287725,CG14438,sov,1,1,1,1,0,0,0,0,1,0,5
FBgn0288470,CG3689,Cpsf5,0,0,1,1,1,1,1,0,0,0,5
FBgn0288834,CG9273,RPA2,0,0,0,1,0,0,0,0,0,0,1
FBgn0289122,CG31212,Ino80,0,1,1,1,0,0,0,0,0,0,3
FBgn0289323,CG5859,IntS8,0,0,0,0,0,0,1,0,0,0,1
